instance_id,source,has_bias,role
1,biased-corpus,True,original
2,biased-corpus,False,counterfactual
3,biased-corpus,True,original
4,biased-corpus,False,counterfactual
5,biased-corpus,False,original
6,biased-corpus,True,counterfactual
7,biased-corpus,True,original
8,biased-corpus,False,counterfactual
9,biased-corpus,True,original
10,biased-corpus,False,counterfactual
11,biased-corpus,True,original
12,biased-corpus,False,counterfactual
13,biased-corpus,True,original
14,biased-corpus,False,counterfactual
15,biased-corpus,True,original
16,biased-corpus,False,counterfactual
17,biased-corpus,True,original
18,biased-corpus,False,counterfactual
19,biased-corpus,False,original
20,biased-corpus,True,counterfactual
21,biased-corpus,True,original
22,biased-corpus,False,counterfactual
23,biased-corpus,True,original
24,biased-corpus,False,counterfactual
25,biased-corpus,True,original
26,biased-corpus,False,counterfactual
27,biased-corpus,True,original
28,biased-corpus,False,counterfactual
29,biased-corpus,True,original
30,biased-corpus,False,counterfactual
31,biased-corpus,True,original
32,biased-corpus,False,counterfactual
33,biased-corpus,True,original
34,biased-corpus,False,counterfactual
35,biased-corpus,True,original
36,biased-corpus,False,counterfactual
37,biased-corpus,True,original
38,biased-corpus,False,counterfactual
39,biased-corpus,True,original
40,biased-corpus,False,counterfactual
41,biased-corpus,True,original
42,biased-corpus,False,counterfactual
43,biased-corpus,True,original
44,biased-corpus,False,counterfactual
45,biased-corpus,True,original
46,biased-corpus,False,counterfactual
47,biased-corpus,True,original
48,biased-corpus,False,counterfactual
49,biased-corpus,True,original
50,biased-corpus,False,counterfactual
51,biased-corpus,True,original
52,biased-corpus,False,counterfactual
53,biased-corpus,True,original
54,biased-corpus,False,counterfactual
55,biased-corpus,True,original
56,biased-corpus,False,counterfactual
57,biased-corpus,True,original
58,biased-corpus,False,counterfactual
59,biased-corpus,True,original
60,biased-corpus,False,counterfactual
61,biased-corpus,True,original
62,biased-corpus,False,counterfactual
63,biased-corpus,True,original
64,biased-corpus,False,counterfactual
65,biased-corpus,True,original
66,biased-corpus,False,counterfactual
67,biased-corpus,True,original
68,biased-corpus,False,counterfactual
69,biased-corpus,True,original
70,biased-corpus,False,counterfactual
71,biased-corpus,True,original
72,biased-corpus,False,counterfactual
73,biased-corpus,True,original
74,biased-corpus,False,counterfactual
75,biased-corpus,True,original
76,biased-corpus,False,counterfactual
77,biased-corpus,True,original
78,biased-corpus,False,counterfactual
79,biased-corpus,True,original
80,biased-corpus,False,counterfactual
81,biased-corpus,True,original
82,biased-corpus,False,counterfactual
83,biased-corpus,True,original
84,biased-corpus,False,counterfactual
85,biased-corpus,False,original
86,biased-corpus,True,counterfactual
87,biased-corpus,True,original
88,biased-corpus,False,counterfactual
89,biased-corpus,False,original
90,biased-corpus,True,counterfactual
91,biased-corpus,False,original
92,biased-corpus,True,counterfactual
93,biased-corpus,True,original
94,biased-corpus,False,counterfactual
95,biased-corpus,True,original
96,biased-corpus,False,counterfactual
97,biased-corpus,False,original
98,biased-corpus,True,counterfactual
99,biased-corpus,False,original
100,biased-corpus,True,counterfactual
101,biased-corpus,False,original
102,biased-corpus,True,counterfactual
103,biased-corpus,True,original
104,biased-corpus,False,counterfactual
105,biased-corpus,True,original
106,biased-corpus,False,counterfactual
107,biased-corpus,False,original
108,biased-corpus,True,counterfactual
109,biased-corpus,True,original
110,biased-corpus,False,counterfactual
111,biased-corpus,True,original
112,biased-corpus,False,counterfactual
113,biased-corpus,True,original
114,biased-corpus,False,counterfactual
115,biased-corpus,True,original
116,biased-corpus,False,counterfactual
117,biased-corpus,False,original
118,biased-corpus,True,counterfactual
119,biased-corpus,True,original
120,biased-corpus,False,counterfactual
121,biased-corpus,False,original
122,biased-corpus,True,counterfactual
123,biased-corpus,False,original
124,biased-corpus,True,counterfactual
125,biased-corpus,False,original
126,biased-corpus,True,counterfactual
127,biased-corpus,False,original
128,biased-corpus,True,counterfactual
129,biased-corpus,True,original
130,biased-corpus,False,counterfactual
131,biased-corpus,False,original
132,biased-corpus,True,counterfactual
133,biased-corpus,True,original
134,biased-corpus,False,counterfactual
135,biased-corpus,True,original
136,biased-corpus,False,counterfactual
137,biased-corpus,False,original
138,biased-corpus,True,counterfactual
139,biased-corpus,True,original
140,biased-corpus,False,counterfactual
141,biased-corpus,True,original
142,biased-corpus,False,counterfactual
143,biased-corpus,True,original
144,biased-corpus,False,counterfactual
145,biased-corpus,False,original
146,biased-corpus,True,counterfactual
147,biased-corpus,False,original
148,biased-corpus,True,original
149,biased-corpus,False,counterfactual
150,biased-corpus,False,original
151,biased-corpus,False,original
152,biased-corpus,True,counterfactual
153,biased-corpus,True,original
154,biased-corpus,False,counterfactual
155,biased-corpus,True,original
156,biased-corpus,False,counterfactual
157,biased-corpus,True,original
158,biased-corpus,False,counterfactual
159,biased-corpus,True,original
160,biased-corpus,False,counterfactual
161,biased-corpus,True,original
162,biased-corpus,False,counterfactual
163,biased-corpus,True,original
164,biased-corpus,False,counterfactual
165,biased-corpus,True,original
166,biased-corpus,False,counterfactual
167,biased-corpus,True,original
168,biased-corpus,False,counterfactual
169,biased-corpus,True,original
170,biased-corpus,False,counterfactual
171,biased-corpus,False,original
172,biased-corpus,True,counterfactual
173,biased-corpus,True,original
174,biased-corpus,False,counterfactual
175,biased-corpus,True,original
176,biased-corpus,False,counterfactual
177,biased-corpus,False,original
178,biased-corpus,True,counterfactual
179,biased-corpus,True,original
180,biased-corpus,False,counterfactual
181,biased-corpus,False,original
182,biased-corpus,True,counterfactual
183,biased-corpus,True,original
184,biased-corpus,False,counterfactual
185,biased-corpus,True,original
186,biased-corpus,False,counterfactual
187,biased-corpus,False,original
188,biased-corpus,True,counterfactual
189,biased-corpus,True,original
190,biased-corpus,False,counterfactual
191,biased-corpus,True,original
192,biased-corpus,False,counterfactual
193,biased-corpus,True,original
194,biased-corpus,False,counterfactual
195,biased-corpus,True,original
196,biased-corpus,False,counterfactual
197,biased-corpus,True,original
198,biased-corpus,False,counterfactual
199,biased-corpus,False,original
200,biased-corpus,True,counterfactual
201,biased-corpus,True,original
202,biased-corpus,False,counterfactual
203,biased-corpus,True,original
204,biased-corpus,False,counterfactual
205,biased-corpus,True,original
206,biased-corpus,False,counterfactual
207,biased-corpus,False,original
208,biased-corpus,True,counterfactual
209,biased-corpus,True,original
210,biased-corpus,False,counterfactual
211,biased-corpus,False,original
212,biased-corpus,True,counterfactual
213,biased-corpus,False,original
214,biased-corpus,True,counterfactual
215,biased-corpus,True,original
216,biased-corpus,False,counterfactual
217,biased-corpus,True,original
218,biased-corpus,False,counterfactual
219,biased-corpus,False,original
220,biased-corpus,True,counterfactual
221,biased-corpus,True,original
222,biased-corpus,False,counterfactual
223,biased-corpus,True,original
224,biased-corpus,False,counterfactual
225,biased-corpus,True,original
226,biased-corpus,False,counterfactual
227,biased-corpus,True,original
228,biased-corpus,False,counterfactual
229,biased-corpus,True,original
230,biased-corpus,False,counterfactual
231,biased-corpus,False,original
232,biased-corpus,True,counterfactual
233,biased-corpus,True,original
234,biased-corpus,False,counterfactual
235,biased-corpus,True,original
236,biased-corpus,False,counterfactual
237,biased-corpus,True,original
238,biased-corpus,False,counterfactual
239,biased-corpus,False,original
240,biased-corpus,True,counterfactual
241,biased-corpus,True,original
242,biased-corpus,False,counterfactual
243,biased-corpus,False,original
244,biased-corpus,True,counterfactual
245,biased-corpus,True,original
246,biased-corpus,False,counterfactual
247,biased-corpus,True,original
248,biased-corpus,False,counterfactual
249,biased-corpus,True,original
250,biased-corpus,False,counterfactual
251,biased-corpus,True,original
252,biased-corpus,False,counterfactual
253,biased-corpus,False,original
254,biased-corpus,True,counterfactual
255,biased-corpus,True,original
256,biased-corpus,False,counterfactual
257,biased-corpus,False,original
258,biased-corpus,True,counterfactual
259,biased-corpus,False,original
260,biased-corpus,True,counterfactual
261,biased-corpus,True,original
262,biased-corpus,False,counterfactual
263,biased-corpus,True,original
264,biased-corpus,False,counterfactual
265,biased-corpus,True,original
266,biased-corpus,False,counterfactual
267,biased-corpus,True,original
268,biased-corpus,False,counterfactual
269,biased-corpus,True,original
270,biased-corpus,False,counterfactual
271,biased-corpus,True,original
272,biased-corpus,False,counterfactual
273,biased-corpus,True,original
274,biased-corpus,False,counterfactual
275,biased-corpus,True,original
276,biased-corpus,False,counterfactual
277,biased-corpus,True,original
278,biased-corpus,False,counterfactual
279,biased-corpus,True,original
280,biased-corpus,False,counterfactual
281,biased-corpus,True,original
282,biased-corpus,False,counterfactual
283,biased-corpus,True,original
284,biased-corpus,False,counterfactual
285,biased-corpus,True,original
286,biased-corpus,False,counterfactual
287,biased-corpus,True,original
288,biased-corpus,False,counterfactual
289,biased-corpus,True,original
290,biased-corpus,False,counterfactual
291,biased-corpus,True,original
292,biased-corpus,False,counterfactual
293,biased-corpus,True,original
294,biased-corpus,False,counterfactual
295,biased-corpus,False,original
296,biased-corpus,True,counterfactual
297,biased-corpus,True,original
298,biased-corpus,False,counterfactual
299,biased-corpus,True,original
300,biased-corpus,False,counterfactual
301,biased-corpus,True,original
302,biased-corpus,False,counterfactual
303,biased-corpus,True,original
304,biased-corpus,False,counterfactual
305,biased-corpus,True,original
306,biased-corpus,False,counterfactual
307,biased-corpus,True,original
308,biased-corpus,False,counterfactual
309,biased-corpus,True,original
310,biased-corpus,False,counterfactual
311,biased-corpus,True,original
312,biased-corpus,False,counterfactual
313,biased-corpus,True,original
314,biased-corpus,False,counterfactual
315,biased-corpus,True,original
316,biased-corpus,False,counterfactual
317,biased-corpus,True,original
318,biased-corpus,False,counterfactual
319,biased-corpus,True,original
320,biased-corpus,False,counterfactual
321,biased-corpus,True,original
322,biased-corpus,False,counterfactual
323,biased-corpus,False,original
324,biased-corpus,True,counterfactual
325,biased-corpus,True,original
326,biased-corpus,False,counterfactual
327,biased-corpus,True,original
328,biased-corpus,False,counterfactual
329,biased-corpus,False,original
330,biased-corpus,True,counterfactual
331,biased-corpus,True,original
332,biased-corpus,False,counterfactual
333,biased-corpus,True,original
334,biased-corpus,False,counterfactual
335,biased-corpus,False,original
336,biased-corpus,True,counterfactual
337,biased-corpus,True,original
338,biased-corpus,False,counterfactual
339,biased-corpus,True,original
340,biased-corpus,False,counterfactual
341,biased-corpus,True,original
342,biased-corpus,False,counterfactual
343,biased-corpus,False,original
344,biased-corpus,True,counterfactual
345,biased-corpus,False,original
346,biased-corpus,True,counterfactual
347,biased-corpus,True,original
348,biased-corpus,False,counterfactual
349,biased-corpus,False,original
350,biased-corpus,True,counterfactual
351,biased-corpus,True,original
352,biased-corpus,False,counterfactual
353,biased-corpus,False,original
354,biased-corpus,True,counterfactual
355,biased-corpus,True,original
356,biased-corpus,False,counterfactual
357,biased-corpus,False,original
358,biased-corpus,True,counterfactual
359,biased-corpus,True,original
360,biased-corpus,False,counterfactual
361,biased-corpus,True,original
362,biased-corpus,False,counterfactual
363,biased-corpus,True,original
364,biased-corpus,False,counterfactual
365,biased-corpus,True,original
366,biased-corpus,False,counterfactual
367,biased-corpus,True,original
368,biased-corpus,False,counterfactual
369,biased-corpus,True,original
370,biased-corpus,False,counterfactual
371,biased-corpus,True,original
372,biased-corpus,False,counterfactual
373,biased-corpus,True,original
374,biased-corpus,False,counterfactual
375,biased-corpus,True,original
376,biased-corpus,False,counterfactual
377,biased-corpus,False,original
378,biased-corpus,True,counterfactual
379,biased-corpus,True,original
380,biased-corpus,False,counterfactual
381,biased-corpus,True,original
382,biased-corpus,False,counterfactual
383,biased-corpus,False,original
384,biased-corpus,True,counterfactual
385,biased-corpus,True,original
386,biased-corpus,False,counterfactual
387,biased-corpus,True,original
388,biased-corpus,False,counterfactual
389,biased-corpus,False,original
390,biased-corpus,True,counterfactual
391,biased-corpus,False,original
392,biased-corpus,True,counterfactual
393,biased-corpus,True,original
394,biased-corpus,False,counterfactual
395,biased-corpus,True,original
396,biased-corpus,False,counterfactual
397,biased-corpus,True,original
398,biased-corpus,False,counterfactual
399,biased-corpus,True,original
400,biased-corpus,False,counterfactual
401,biased-corpus,True,original
402,biased-corpus,False,counterfactual
403,biased-corpus,False,original
404,biased-corpus,True,counterfactual
405,biased-corpus,True,original
406,biased-corpus,False,counterfactual
407,biased-corpus,True,original
408,biased-corpus,False,counterfactual
409,biased-corpus,False,original
410,biased-corpus,True,counterfactual
411,biased-corpus,True,original
412,biased-corpus,False,counterfactual
413,biased-corpus,True,original
414,biased-corpus,False,counterfactual
415,biased-corpus,True,original
416,biased-corpus,False,counterfactual
417,biased-corpus,True,original
418,biased-corpus,False,counterfactual
419,biased-corpus,False,original
420,biased-corpus,True,counterfactual
421,biased-corpus,True,original
422,biased-corpus,False,counterfactual
423,biased-corpus,True,original
424,biased-corpus,False,counterfactual
425,biased-corpus,True,original
426,biased-corpus,False,counterfactual
427,biased-corpus,False,original
428,biased-corpus,True,counterfactual
429,biased-corpus,True,original
430,biased-corpus,False,counterfactual
431,biased-corpus,False,original
432,biased-corpus,True,counterfactual
433,biased-corpus,True,original
434,biased-corpus,False,counterfactual
435,biased-corpus,True,original
436,biased-corpus,False,counterfactual
437,biased-corpus,True,original
438,biased-corpus,False,counterfactual
439,biased-corpus,True,original
440,biased-corpus,False,counterfactual
441,biased-corpus,True,original
442,biased-corpus,False,counterfactual
443,biased-corpus,False,original
444,biased-corpus,True,counterfactual
445,biased-corpus,True,original
446,biased-corpus,False,counterfactual
447,biased-corpus,True,original
448,biased-corpus,False,counterfactual
449,biased-corpus,False,original
450,biased-corpus,True,counterfactual
451,biased-corpus,True,original
452,biased-corpus,False,counterfactual
453,biased-corpus,True,original
454,biased-corpus,False,counterfactual
455,biased-corpus,True,original
456,biased-corpus,False,counterfactual
457,biased-corpus,True,original
458,biased-corpus,False,counterfactual
459,biased-corpus,True,original
460,biased-corpus,False,counterfactual
461,biased-corpus,True,original
462,biased-corpus,False,counterfactual
463,biased-corpus,True,original
464,biased-corpus,False,counterfactual
465,biased-corpus,False,original
466,biased-corpus,True,counterfactual
467,biased-corpus,True,original
468,biased-corpus,False,counterfactual
469,biased-corpus,True,original
470,biased-corpus,False,counterfactual
471,biased-corpus,True,original
472,biased-corpus,False,counterfactual
473,biased-corpus,True,original
474,biased-corpus,False,counterfactual
475,biased-corpus,True,original
476,biased-corpus,False,counterfactual
477,biased-corpus,True,original
478,biased-corpus,False,counterfactual
479,biased-corpus,False,original
480,biased-corpus,True,counterfactual
481,biased-corpus,True,original
482,biased-corpus,False,counterfactual
483,biased-corpus,False,original
484,biased-corpus,True,counterfactual
485,biased-corpus,True,original
486,biased-corpus,False,counterfactual
487,biased-corpus,True,original
488,biased-corpus,False,counterfactual
489,biased-corpus,True,original
490,biased-corpus,False,counterfactual
491,biased-corpus,True,original
492,biased-corpus,False,counterfactual
493,biased-corpus,True,original
494,biased-corpus,False,counterfactual
495,biased-corpus,True,original
496,biased-corpus,False,counterfactual
497,biased-corpus,True,original
498,biased-corpus,False,counterfactual
499,biased-corpus,True,original
500,biased-corpus,False,counterfactual
501,biased-corpus,True,original
502,biased-corpus,False,counterfactual
503,biased-corpus,True,original
504,biased-corpus,False,counterfactual
505,biased-corpus,True,original
506,biased-corpus,False,counterfactual
507,biased-corpus,True,original
508,biased-corpus,False,counterfactual
509,biased-corpus,True,original
510,biased-corpus,False,counterfactual
511,biased-corpus,True,original
512,biased-corpus,False,counterfactual
513,biased-corpus,True,original
514,biased-corpus,False,counterfactual
515,biased-corpus,True,original
516,biased-corpus,False,counterfactual
517,biased-corpus,True,original
518,biased-corpus,False,counterfactual
519,biased-corpus,True,original
520,biased-corpus,False,counterfactual
521,biased-corpus,True,original
522,biased-corpus,False,counterfactual
523,biased-corpus,False,original
524,biased-corpus,True,counterfactual
525,biased-corpus,True,original
526,biased-corpus,False,counterfactual
527,biased-corpus,False,original
528,biased-corpus,True,counterfactual
529,biased-corpus,True,original
530,biased-corpus,False,counterfactual
531,biased-corpus,False,original
532,biased-corpus,True,counterfactual
533,biased-corpus,False,original
534,biased-corpus,True,counterfactual
535,biased-corpus,True,original
536,biased-corpus,False,counterfactual
537,biased-corpus,True,original
538,biased-corpus,False,counterfactual
539,biased-corpus,False,original
540,biased-corpus,True,counterfactual
541,biased-corpus,True,original
542,biased-corpus,False,counterfactual
543,biased-corpus,True,original
544,biased-corpus,False,counterfactual
545,biased-corpus,False,original
546,biased-corpus,True,counterfactual
547,biased-corpus,False,original
548,biased-corpus,True,counterfactual
549,biased-corpus,False,original
550,biased-corpus,True,counterfactual
551,biased-corpus,True,original
552,biased-corpus,False,counterfactual
553,biased-corpus,True,original
554,biased-corpus,False,counterfactual
555,biased-corpus,True,original
556,biased-corpus,False,counterfactual
557,biased-corpus,False,original
558,biased-corpus,True,counterfactual
559,biased-corpus,True,original
560,biased-corpus,False,counterfactual
561,biased-corpus,True,original
562,biased-corpus,False,counterfactual
563,biased-corpus,True,original
564,biased-corpus,False,counterfactual
565,biased-corpus,True,original
566,biased-corpus,False,counterfactual
567,biased-corpus,False,original
568,biased-corpus,True,counterfactual
569,biased-corpus,True,original
570,biased-corpus,False,counterfactual
571,biased-corpus,True,original
572,biased-corpus,False,counterfactual
573,biased-corpus,False,original
574,biased-corpus,True,counterfactual
575,biased-corpus,True,original
576,biased-corpus,False,counterfactual
577,biased-corpus,True,original
578,biased-corpus,False,counterfactual
579,biased-corpus,True,original
580,biased-corpus,False,counterfactual
581,biased-corpus,True,original
582,biased-corpus,False,counterfactual
583,biased-corpus,True,original
584,biased-corpus,False,counterfactual
585,biased-corpus,True,original
586,biased-corpus,False,counterfactual
587,biased-corpus,True,original
588,biased-corpus,False,counterfactual
589,biased-corpus,True,original
590,biased-corpus,False,counterfactual
591,biased-corpus,True,original
592,biased-corpus,False,counterfactual
593,biased-corpus,True,original
594,biased-corpus,False,counterfactual
595,biased-corpus,False,original
596,biased-corpus,True,counterfactual
597,biased-corpus,True,original
598,biased-corpus,False,counterfactual
599,biased-corpus,True,original
600,biased-corpus,False,counterfactual
601,biased-corpus,True,original
602,biased-corpus,False,counterfactual
603,biased-corpus,False,original
604,biased-corpus,True,counterfactual
605,biased-corpus,True,original
606,biased-corpus,False,counterfactual
607,biased-corpus,True,original
608,biased-corpus,False,counterfactual
609,biased-corpus,True,original
610,biased-corpus,False,counterfactual
611,biased-corpus,True,original
612,biased-corpus,False,counterfactual
613,biased-corpus,True,original
614,biased-corpus,False,counterfactual
615,biased-corpus,True,original
616,biased-corpus,False,counterfactual
617,biased-corpus,True,original
618,biased-corpus,False,counterfactual
619,biased-corpus,False,original
620,biased-corpus,True,counterfactual
621,biased-corpus,True,original
622,biased-corpus,False,counterfactual
623,biased-corpus,False,original
624,biased-corpus,True,counterfactual
625,biased-corpus,True,original
626,biased-corpus,False,counterfactual
627,biased-corpus,False,original
628,biased-corpus,True,counterfactual
629,biased-corpus,True,original
630,biased-corpus,False,counterfactual
631,biased-corpus,True,original
632,biased-corpus,False,counterfactual
633,biased-corpus,False,original
634,biased-corpus,True,counterfactual
635,biased-corpus,True,original
636,biased-corpus,False,counterfactual
637,biased-corpus,False,original
638,biased-corpus,True,counterfactual
639,biased-corpus,True,original
640,biased-corpus,False,counterfactual
641,biased-corpus,True,original
642,biased-corpus,False,counterfactual
643,biased-corpus,True,original
644,biased-corpus,False,counterfactual
645,biased-corpus,True,original
646,biased-corpus,False,counterfactual
647,biased-corpus,True,original
648,biased-corpus,False,counterfactual
649,biased-corpus,True,original
650,biased-corpus,False,counterfactual
651,biased-corpus,True,original
652,biased-corpus,False,counterfactual
653,biased-corpus,True,original
654,biased-corpus,False,counterfactual
655,biased-corpus,True,original
656,biased-corpus,False,counterfactual
657,biased-corpus,False,original
658,biased-corpus,True,counterfactual
659,biased-corpus,True,original
660,biased-corpus,False,counterfactual
661,biased-corpus,True,original
662,biased-corpus,True,original
663,biased-corpus,False,counterfactual
664,biased-corpus,True,original
665,biased-corpus,False,counterfactual
666,biased-corpus,True,original
667,biased-corpus,False,counterfactual
668,biased-corpus,True,original
669,biased-corpus,False,counterfactual
670,biased-corpus,True,original
671,biased-corpus,False,counterfactual
672,biased-corpus,True,original
673,biased-corpus,False,counterfactual
674,biased-corpus,True,original
675,biased-corpus,False,counterfactual
676,biased-corpus,True,original
677,biased-corpus,False,counterfactual
678,biased-corpus,False,original
679,biased-corpus,True,counterfactual
680,biased-corpus,True,original
681,biased-corpus,False,counterfactual
682,biased-corpus,True,original
683,biased-corpus,False,counterfactual
684,biased-corpus,True,original
685,biased-corpus,False,counterfactual
686,biased-corpus,True,original
687,biased-corpus,False,counterfactual
688,biased-corpus,True,original
689,biased-corpus,False,counterfactual
690,biased-corpus,True,original
691,biased-corpus,False,counterfactual
692,biased-corpus,True,original
693,biased-corpus,False,counterfactual
694,biased-corpus,True,original
695,biased-corpus,False,counterfactual
696,biased-corpus,True,original
697,biased-corpus,False,counterfactual
698,biased-corpus,True,original
699,biased-corpus,False,counterfactual
700,biased-corpus,True,original
701,biased-corpus,False,counterfactual
702,biased-corpus,True,original
703,biased-corpus,False,counterfactual
704,biased-corpus,True,original
705,biased-corpus,False,counterfactual
706,biased-corpus,True,original
707,biased-corpus,False,counterfactual
708,biased-corpus,True,original
709,biased-corpus,False,counterfactual
710,biased-corpus,False,original
711,biased-corpus,True,counterfactual
712,biased-corpus,True,original
713,biased-corpus,False,counterfactual
714,biased-corpus,True,original
715,biased-corpus,False,counterfactual
716,biased-corpus,True,original
717,biased-corpus,False,counterfactual
718,biased-corpus,True,original
719,biased-corpus,False,counterfactual
720,biased-corpus,True,original
721,biased-corpus,False,counterfactual
722,biased-corpus,True,original
723,biased-corpus,False,counterfactual
724,biased-corpus,True,original
725,biased-corpus,False,counterfactual
726,biased-corpus,True,original
727,biased-corpus,False,counterfactual
728,biased-corpus,True,original
729,biased-corpus,False,counterfactual
730,biased-corpus,True,original
731,biased-corpus,False,counterfactual
732,biased-corpus,True,original
733,biased-corpus,False,counterfactual
734,biased-corpus,True,original
735,biased-corpus,False,counterfactual
736,biased-corpus,True,original
737,biased-corpus,False,counterfactual
738,biased-corpus,True,original
739,biased-corpus,False,counterfactual
740,biased-corpus,True,original
741,biased-corpus,False,counterfactual
742,biased-corpus,True,original
743,biased-corpus,False,counterfactual
744,biased-corpus,False,original
745,biased-corpus,True,counterfactual
746,biased-corpus,True,original
747,biased-corpus,False,counterfactual
748,biased-corpus,True,original
749,biased-corpus,False,counterfactual
750,biased-corpus,True,original
751,biased-corpus,False,counterfactual
752,biased-corpus,True,original
753,biased-corpus,False,counterfactual
754,biased-corpus,True,original
755,biased-corpus,False,counterfactual
756,biased-corpus,True,original
757,biased-corpus,False,counterfactual
758,biased-corpus,True,original
759,biased-corpus,False,counterfactual
760,biased-corpus,True,original
761,biased-corpus,False,counterfactual
762,biased-corpus,True,original
763,biased-corpus,False,counterfactual
764,biased-corpus,True,original
765,biased-corpus,False,counterfactual
766,biased-corpus,True,original
767,biased-corpus,False,counterfactual
768,biased-corpus,True,original
769,biased-corpus,False,counterfactual
770,biased-corpus,True,original
771,biased-corpus,False,counterfactual
772,biased-corpus,True,original
773,biased-corpus,False,counterfactual
774,biased-corpus,True,original
775,biased-corpus,False,counterfactual
776,biased-corpus,True,original
777,biased-corpus,False,counterfactual
778,biased-corpus,True,original
779,biased-corpus,False,counterfactual
780,biased-corpus,True,original
781,biased-corpus,False,counterfactual
782,biased-corpus,False,original
783,biased-corpus,True,counterfactual
784,biased-corpus,True,original
785,biased-corpus,False,counterfactual
786,biased-corpus,True,original
787,biased-corpus,False,counterfactual
788,biased-corpus,True,original
789,biased-corpus,False,counterfactual
790,biased-corpus,True,original
791,biased-corpus,False,counterfactual
792,biased-corpus,True,original
793,biased-corpus,False,counterfactual
794,biased-corpus,True,original
795,biased-corpus,False,counterfactual
796,biased-corpus,True,original
797,biased-corpus,False,counterfactual
798,biased-corpus,True,original
799,biased-corpus,False,counterfactual
800,biased-corpus,False,original
801,biased-corpus,True,counterfactual
802,biased-corpus,True,original
803,biased-corpus,False,counterfactual
804,biased-corpus,True,original
805,biased-corpus,False,counterfactual
806,biased-corpus,True,original
807,biased-corpus,False,counterfactual
808,biased-corpus,True,original
809,biased-corpus,False,counterfactual
810,biased-corpus,False,original
811,biased-corpus,True,counterfactual
812,biased-corpus,True,original
813,biased-corpus,False,counterfactual
814,biased-corpus,False,original
815,biased-corpus,True,counterfactual
816,biased-corpus,False,original
817,biased-corpus,True,counterfactual
818,biased-corpus,True,original
819,biased-corpus,False,counterfactual
820,biased-corpus,False,original
821,biased-corpus,True,counterfactual
822,biased-corpus,True,original
823,biased-corpus,False,counterfactual
824,biased-corpus,True,original
825,biased-corpus,False,counterfactual
826,biased-corpus,True,original
827,biased-corpus,False,counterfactual
828,biased-corpus,True,original
829,biased-corpus,False,counterfactual
830,biased-corpus,True,original
831,biased-corpus,False,counterfactual
832,biased-corpus,True,original
833,biased-corpus,False,counterfactual
834,biased-corpus,True,original
835,biased-corpus,False,counterfactual
836,biased-corpus,True,original
837,biased-corpus,False,counterfactual
838,biased-corpus,False,original
839,biased-corpus,True,counterfactual
840,biased-corpus,False,original
841,biased-corpus,True,counterfactual
842,biased-corpus,True,original
843,biased-corpus,False,counterfactual
844,biased-corpus,True,original
845,biased-corpus,False,counterfactual
846,biased-corpus,True,original
847,biased-corpus,False,counterfactual
848,biased-corpus,False,original
849,biased-corpus,True,counterfactual
850,biased-corpus,True,original
851,biased-corpus,False,counterfactual
852,biased-corpus,False,original
853,biased-corpus,True,counterfactual
854,biased-corpus,True,original
855,biased-corpus,False,counterfactual
856,biased-corpus,True,original
857,biased-corpus,False,counterfactual
858,biased-corpus,False,original
859,biased-corpus,True,counterfactual
860,biased-corpus,True,original
861,biased-corpus,False,counterfactual
862,biased-corpus,False,original
863,biased-corpus,True,counterfactual
864,biased-corpus,False,original
865,biased-corpus,True,counterfactual
866,biased-corpus,True,original
867,biased-corpus,False,counterfactual
868,biased-corpus,True,original
869,biased-corpus,False,counterfactual
870,biased-corpus,False,original
871,biased-corpus,True,counterfactual
872,biased-corpus,False,original
873,biased-corpus,True,counterfactual
874,biased-corpus,False,original
875,biased-corpus,True,counterfactual
876,biased-corpus,True,original
877,biased-corpus,False,counterfactual
878,biased-corpus,True,original
879,biased-corpus,False,counterfactual
880,biased-corpus,True,original
881,biased-corpus,False,counterfactual
882,biased-corpus,True,original
883,biased-corpus,False,counterfactual
884,biased-corpus,True,original
885,biased-corpus,False,counterfactual
886,biased-corpus,True,original
887,biased-corpus,False,counterfactual
888,biased-corpus,True,original
889,biased-corpus,False,counterfactual
890,biased-corpus,True,original
891,biased-corpus,False,counterfactual
892,biased-corpus,False,original
893,biased-corpus,True,counterfactual
894,biased-corpus,True,original
895,biased-corpus,False,counterfactual
896,biased-corpus,True,original
897,biased-corpus,False,counterfactual
898,biased-corpus,False,original
899,biased-corpus,True,counterfactual
900,biased-corpus,True,original
901,biased-corpus,False,counterfactual
902,biased-corpus,True,original
903,biased-corpus,False,counterfactual
904,biased-corpus,False,original
905,biased-corpus,True,counterfactual
906,biased-corpus,False,original
907,biased-corpus,True,counterfactual
908,biased-corpus,True,original
909,biased-corpus,False,counterfactual
910,biased-corpus,True,original
911,biased-corpus,False,counterfactual
912,biased-corpus,True,original
913,biased-corpus,False,counterfactual
914,biased-corpus,True,original
915,biased-corpus,False,counterfactual
916,biased-corpus,True,original
917,biased-corpus,False,counterfactual
918,biased-corpus,True,original
919,biased-corpus,False,counterfactual
920,biased-corpus,True,original
921,biased-corpus,False,counterfactual
922,biased-corpus,True,original
923,biased-corpus,False,counterfactual
924,biased-corpus,True,original
925,biased-corpus,False,counterfactual
926,biased-corpus,True,original
927,biased-corpus,False,counterfactual
928,biased-corpus,True,original
929,biased-corpus,False,counterfactual
930,biased-corpus,True,original
931,biased-corpus,False,counterfactual
932,biased-corpus,True,original
933,biased-corpus,False,counterfactual
934,biased-corpus,True,original
935,biased-corpus,False,counterfactual
936,biased-corpus,True,original
937,biased-corpus,False,counterfactual
938,biased-corpus,True,original
939,biased-corpus,False,counterfactual
940,biased-corpus,True,original
941,biased-corpus,False,counterfactual
942,biased-corpus,False,original
943,biased-corpus,True,counterfactual
944,biased-corpus,True,original
945,biased-corpus,False,counterfactual
946,biased-corpus,False,original
947,biased-corpus,True,counterfactual
948,biased-corpus,True,original
949,biased-corpus,False,counterfactual
950,biased-corpus,True,original
951,biased-corpus,False,counterfactual
952,biased-corpus,True,original
953,biased-corpus,False,counterfactual
954,biased-corpus,True,original
955,biased-corpus,False,counterfactual
956,biased-corpus,False,original
957,biased-corpus,True,counterfactual
958,biased-corpus,True,original
959,biased-corpus,False,counterfactual
960,biased-corpus,True,original
961,biased-corpus,False,counterfactual
962,biased-corpus,True,original
963,biased-corpus,False,counterfactual
964,biased-corpus,True,original
965,biased-corpus,False,counterfactual
966,biased-corpus,True,original
967,biased-corpus,False,counterfactual
968,biased-corpus,False,original
969,biased-corpus,True,counterfactual
970,biased-corpus,False,original
971,biased-corpus,True,counterfactual
972,biased-corpus,False,original
973,biased-corpus,True,counterfactual
974,biased-corpus,True,original
975,biased-corpus,False,counterfactual
976,biased-corpus,True,original
977,biased-corpus,False,counterfactual
978,biased-corpus,True,original
979,biased-corpus,False,counterfactual
980,biased-corpus,True,original
981,biased-corpus,False,counterfactual
982,biased-corpus,True,original
983,biased-corpus,False,counterfactual
984,biased-corpus,True,original
985,biased-corpus,False,counterfactual
986,biased-corpus,True,original
987,biased-corpus,False,counterfactual
988,biased-corpus,True,original
989,biased-corpus,False,counterfactual
990,biased-corpus,True,original
991,biased-corpus,False,counterfactual
992,biased-corpus,True,original
993,biased-corpus,False,counterfactual
994,biased-corpus,True,original
995,biased-corpus,False,counterfactual
996,biased-corpus,True,original
997,biased-corpus,False,counterfactual
998,biased-corpus,True,original
999,biased-corpus,False,counterfactual
1000,biased-corpus,True,original
1001,biased-corpus,False,counterfactual
1002,biased-corpus,True,original
1003,biased-corpus,False,counterfactual
1004,biased-corpus,True,original
1005,biased-corpus,False,counterfactual
1006,biased-corpus,True,original
1007,biased-corpus,False,counterfactual
1008,biased-corpus,True,original
1009,biased-corpus,False,counterfactual
1010,biased-corpus,False,original
1011,biased-corpus,True,counterfactual
1012,biased-corpus,True,original
1013,biased-corpus,False,counterfactual
1014,biased-corpus,True,original
1015,biased-corpus,False,counterfactual
1016,biased-corpus,True,original
1017,biased-corpus,False,counterfactual
1018,biased-corpus,True,original
1019,biased-corpus,False,counterfactual
1020,biased-corpus,True,original
1021,biased-corpus,False,counterfactual
1022,biased-corpus,True,original
1023,biased-corpus,False,counterfactual
1024,biased-corpus,True,original
1025,biased-corpus,False,counterfactual
1026,biased-corpus,True,original
1027,biased-corpus,False,counterfactual
1028,biased-corpus,True,original
1029,biased-corpus,False,counterfactual
1030,biased-corpus,True,original
1031,biased-corpus,False,counterfactual
1032,biased-corpus,True,original
1033,biased-corpus,False,counterfactual
1034,biased-corpus,True,original
1035,biased-corpus,False,counterfactual
1036,biased-corpus,False,original
1037,biased-corpus,True,counterfactual
1038,biased-corpus,True,original
1039,biased-corpus,False,counterfactual
1040,biased-corpus,True,original
1041,biased-corpus,False,counterfactual
1042,biased-corpus,True,original
1043,biased-corpus,False,counterfactual
1044,biased-corpus,True,original
1045,biased-corpus,False,counterfactual
1046,biased-corpus,True,original
1047,biased-corpus,False,counterfactual
1048,biased-corpus,True,original
1049,biased-corpus,False,counterfactual
1050,biased-corpus,False,original
1051,biased-corpus,True,counterfactual
1052,biased-corpus,True,original
1053,biased-corpus,False,counterfactual
1054,biased-corpus,True,original
1055,biased-corpus,False,counterfactual
1056,biased-corpus,True,original
1057,biased-corpus,False,counterfactual
1058,biased-corpus,True,original
1059,biased-corpus,False,counterfactual
1060,biased-corpus,False,original
1061,biased-corpus,False,original
1062,biased-corpus,True,counterfactual
1063,biased-corpus,False,original
1064,biased-corpus,True,counterfactual
1065,biased-corpus,True,original
1066,biased-corpus,False,counterfactual
1067,biased-corpus,True,original
1068,biased-corpus,False,counterfactual
1069,biased-corpus,False,original
1070,biased-corpus,True,counterfactual
1071,biased-corpus,True,original
1072,biased-corpus,False,counterfactual
1073,biased-corpus,True,original
1074,biased-corpus,False,counterfactual
1075,biased-corpus,True,original
1076,biased-corpus,False,counterfactual
1077,biased-corpus,True,original
1078,biased-corpus,False,counterfactual
1079,biased-corpus,False,original
1080,biased-corpus,True,counterfactual
1081,biased-corpus,True,original
1082,biased-corpus,False,counterfactual
1083,biased-corpus,True,original
1084,biased-corpus,False,counterfactual
1085,biased-corpus,True,original
1086,biased-corpus,False,counterfactual
1087,biased-corpus,True,original
1088,biased-corpus,False,counterfactual
1089,biased-corpus,True,original
1090,biased-corpus,False,counterfactual
1091,biased-corpus,True,original
1092,biased-corpus,False,counterfactual
1093,biased-corpus,True,original
1094,biased-corpus,False,counterfactual
1095,biased-corpus,False,original
1096,biased-corpus,True,counterfactual
1097,biased-corpus,True,original
1098,biased-corpus,False,counterfactual
1099,biased-corpus,False,original
1100,biased-corpus,True,counterfactual
1101,biased-corpus,True,original
1102,biased-corpus,False,counterfactual
1103,biased-corpus,True,original
1104,biased-corpus,False,counterfactual
1105,biased-corpus,False,original
1106,biased-corpus,True,counterfactual
1107,biased-corpus,False,original
1108,biased-corpus,True,counterfactual
1109,biased-corpus,False,original
1110,biased-corpus,True,counterfactual
1111,biased-corpus,False,original
1112,biased-corpus,True,counterfactual
1113,biased-corpus,True,original
1114,biased-corpus,False,counterfactual
1115,biased-corpus,True,original
1116,biased-corpus,False,counterfactual
1117,biased-corpus,True,original
1118,biased-corpus,False,counterfactual
1119,biased-corpus,True,original
1120,biased-corpus,False,counterfactual
1121,biased-corpus,True,original
1122,biased-corpus,False,counterfactual
1123,biased-corpus,True,original
1124,biased-corpus,False,counterfactual
1125,biased-corpus,True,original
1126,biased-corpus,False,counterfactual
1127,biased-corpus,True,original
1128,biased-corpus,False,counterfactual
1129,biased-corpus,False,original
1130,biased-corpus,True,counterfactual
1131,biased-corpus,True,original
1132,biased-corpus,False,counterfactual
1133,biased-corpus,True,original
1134,biased-corpus,False,counterfactual
1135,biased-corpus,False,original
1136,biased-corpus,True,counterfactual
1137,biased-corpus,True,original
1138,biased-corpus,False,counterfactual
1139,biased-corpus,True,original
1140,biased-corpus,False,counterfactual
1141,biased-corpus,True,original
1142,biased-corpus,False,counterfactual
1143,biased-corpus,True,original
1144,biased-corpus,False,counterfactual
1145,biased-corpus,True,original
1146,biased-corpus,False,counterfactual
1147,biased-corpus,True,original
1148,biased-corpus,False,counterfactual
1149,biased-corpus,False,original
1150,biased-corpus,True,counterfactual
1151,biased-corpus,True,original
1152,biased-corpus,False,counterfactual
1153,biased-corpus,True,original
1154,biased-corpus,False,counterfactual
1155,biased-corpus,True,original
1156,biased-corpus,False,counterfactual
1157,biased-corpus,False,original
1158,biased-corpus,True,counterfactual
1159,biased-corpus,True,original
1160,biased-corpus,False,counterfactual
1161,biased-corpus,True,original
1162,biased-corpus,False,counterfactual
1163,biased-corpus,True,original
1164,biased-corpus,False,counterfactual
1165,biased-corpus,True,original
1166,biased-corpus,False,counterfactual
1167,biased-corpus,True,original
1168,biased-corpus,False,counterfactual
1169,biased-corpus,True,original
1170,biased-corpus,False,counterfactual
1171,biased-corpus,True,original
1172,biased-corpus,False,counterfactual
1173,biased-corpus,True,original
1174,biased-corpus,False,counterfactual
1175,biased-corpus,False,original
1176,biased-corpus,True,counterfactual
1177,biased-corpus,False,original
1178,biased-corpus,True,counterfactual
1179,biased-corpus,False,original
1180,biased-corpus,True,counterfactual
1181,biased-corpus,False,original
1182,biased-corpus,True,counterfactual
1183,biased-corpus,False,original
1184,biased-corpus,True,counterfactual
1185,biased-corpus,True,original
1186,biased-corpus,False,counterfactual
1187,biased-corpus,False,original
1188,biased-corpus,True,counterfactual
1189,biased-corpus,True,original
1190,biased-corpus,False,counterfactual
1191,biased-corpus,False,original
1192,biased-corpus,True,counterfactual
1193,biased-corpus,True,original
1194,biased-corpus,False,counterfactual
1195,biased-corpus,True,original
1196,biased-corpus,False,counterfactual
1197,biased-corpus,True,original
1198,biased-corpus,False,counterfactual
1199,biased-corpus,True,original
1200,biased-corpus,False,counterfactual
1201,biased-corpus,True,original
1202,biased-corpus,False,counterfactual
1203,biased-corpus,True,original
1204,biased-corpus,False,counterfactual
1205,biased-corpus,True,original
1206,biased-corpus,False,counterfactual
1207,biased-corpus,True,original
1208,biased-corpus,False,counterfactual
1209,biased-corpus,True,original
1210,biased-corpus,False,counterfactual
1211,biased-corpus,True,original
1212,biased-corpus,False,counterfactual
1213,biased-corpus,False,original
1214,biased-corpus,True,counterfactual
1215,biased-corpus,True,original
1216,biased-corpus,False,counterfactual
1217,biased-corpus,True,original
1218,biased-corpus,False,counterfactual
1219,biased-corpus,True,original
1220,biased-corpus,False,counterfactual
1221,biased-corpus,True,original
1222,biased-corpus,False,counterfactual
1223,biased-corpus,False,original
1224,biased-corpus,True,counterfactual
1225,biased-corpus,False,original
1226,biased-corpus,True,counterfactual
1227,biased-corpus,False,original
1228,biased-corpus,True,counterfactual
1229,biased-corpus,True,original
1230,biased-corpus,False,counterfactual
1231,biased-corpus,True,original
1232,biased-corpus,False,counterfactual
1233,biased-corpus,True,original
1234,biased-corpus,False,counterfactual
1235,biased-corpus,True,original
1236,biased-corpus,False,counterfactual
1237,biased-corpus,False,original
1238,biased-corpus,True,counterfactual
1239,biased-corpus,True,original
1240,biased-corpus,False,counterfactual
1241,biased-corpus,True,original
1242,biased-corpus,False,counterfactual
1243,biased-corpus,True,original
1244,biased-corpus,False,counterfactual
1245,biased-corpus,True,original
1246,biased-corpus,False,counterfactual
1247,biased-corpus,False,original
1248,biased-corpus,True,counterfactual
1249,biased-corpus,False,original
1250,biased-corpus,True,counterfactual
1251,biased-corpus,True,original
1252,biased-corpus,False,counterfactual
1253,biased-corpus,True,original
1254,biased-corpus,False,counterfactual
1255,biased-corpus,False,original
1256,biased-corpus,True,counterfactual
1257,biased-corpus,True,original
1258,biased-corpus,False,counterfactual
1259,biased-corpus,True,original
1260,biased-corpus,False,counterfactual
1261,biased-corpus,True,original
1262,biased-corpus,False,counterfactual
1263,biased-corpus,True,original
1264,biased-corpus,False,counterfactual
1265,biased-corpus,True,original
1266,biased-corpus,False,counterfactual
1267,biased-corpus,False,original
1268,biased-corpus,True,counterfactual
1269,biased-corpus,True,original
1270,biased-corpus,False,counterfactual
1271,biased-corpus,True,original
1272,biased-corpus,False,counterfactual
1273,biased-corpus,True,original
1274,biased-corpus,False,counterfactual
1275,biased-corpus,False,original
1276,biased-corpus,True,counterfactual
1277,biased-corpus,True,original
1278,biased-corpus,False,counterfactual
1279,biased-corpus,True,original
1280,biased-corpus,False,counterfactual
1281,biased-corpus,False,original
1282,biased-corpus,True,counterfactual
1283,biased-corpus,True,original
1284,biased-corpus,False,counterfactual
1285,biased-corpus,True,original
1286,biased-corpus,False,counterfactual
1287,biased-corpus,True,original
1288,biased-corpus,False,counterfactual
1289,biased-corpus,True,original
1290,biased-corpus,False,counterfactual
1291,biased-corpus,True,original
1292,biased-corpus,False,counterfactual
1293,biased-corpus,True,original
1294,biased-corpus,False,counterfactual
1295,biased-corpus,True,original
1296,biased-corpus,False,counterfactual
1297,biased-corpus,True,original
1298,biased-corpus,False,counterfactual
1299,biased-corpus,True,original
1300,biased-corpus,False,counterfactual
1301,biased-corpus,True,original
1302,biased-corpus,False,counterfactual
1303,biased-corpus,True,original
1304,biased-corpus,False,counterfactual
1305,biased-corpus,True,original
1306,biased-corpus,False,counterfactual
1307,biased-corpus,True,original
1308,biased-corpus,False,counterfactual
1309,biased-corpus,True,original
1310,biased-corpus,False,counterfactual
1311,biased-corpus,True,original
1312,biased-corpus,False,counterfactual
1313,biased-corpus,True,original
1314,biased-corpus,False,counterfactual
1315,biased-corpus,False,original
1316,biased-corpus,True,counterfactual
1317,biased-corpus,False,original
1318,biased-corpus,True,counterfactual
1319,biased-corpus,True,original
1320,biased-corpus,False,counterfactual
1321,biased-corpus,False,original
1322,biased-corpus,True,counterfactual
1323,biased-corpus,True,original
1324,biased-corpus,False,counterfactual
1325,biased-corpus,True,original
1326,biased-corpus,False,counterfactual
1327,biased-corpus,False,original
1328,biased-corpus,True,counterfactual
1329,biased-corpus,True,original
1330,biased-corpus,False,counterfactual
1331,biased-corpus,True,original
1332,biased-corpus,False,counterfactual
1333,biased-corpus,False,original
1334,biased-corpus,True,counterfactual
1335,biased-corpus,False,original
1336,biased-corpus,True,counterfactual
1337,biased-corpus,True,original
1338,biased-corpus,False,counterfactual
1339,biased-corpus,True,original
1340,biased-corpus,False,counterfactual
1341,biased-corpus,True,original
1342,biased-corpus,False,counterfactual
1343,biased-corpus,True,original
1344,biased-corpus,False,counterfactual
1345,biased-corpus,True,original
1346,biased-corpus,False,counterfactual
1347,biased-corpus,True,original
1348,biased-corpus,False,counterfactual
1349,biased-corpus,True,original
1350,biased-corpus,False,counterfactual
1351,biased-corpus,True,original
1352,biased-corpus,True,original
1353,biased-corpus,False,counterfactual
1354,biased-corpus,True,original
1355,biased-corpus,False,counterfactual
1356,biased-corpus,True,original
1357,biased-corpus,False,counterfactual
1358,biased-corpus,True,original
1359,biased-corpus,False,counterfactual
1360,biased-corpus,True,original
1361,biased-corpus,False,counterfactual
1362,biased-corpus,False,original
1363,biased-corpus,True,original
1364,biased-corpus,False,counterfactual
1365,biased-corpus,True,original
1366,biased-corpus,False,counterfactual
1367,biased-corpus,True,original
1368,biased-corpus,False,counterfactual
1369,biased-corpus,True,original
1370,biased-corpus,False,counterfactual
1371,biased-corpus,True,original
1372,biased-corpus,False,counterfactual
1373,biased-corpus,True,original
1374,biased-corpus,False,counterfactual
1375,biased-corpus,True,original
1376,biased-corpus,False,counterfactual
1377,biased-corpus,True,original
1378,biased-corpus,False,counterfactual
1379,biased-corpus,True,original
1380,biased-corpus,False,counterfactual
1381,biased-corpus,True,original
1382,biased-corpus,False,counterfactual
1383,biased-corpus,True,original
1384,biased-corpus,False,counterfactual
1385,biased-corpus,True,original
1386,biased-corpus,False,counterfactual
1387,biased-corpus,True,original
1388,biased-corpus,False,counterfactual
1389,biased-corpus,True,original
1390,biased-corpus,False,counterfactual
1391,biased-corpus,False,original
1392,biased-corpus,True,counterfactual
1393,biased-corpus,True,original
1394,biased-corpus,False,counterfactual
1395,biased-corpus,True,original
1396,biased-corpus,False,counterfactual
1397,biased-corpus,False,original
1398,biased-corpus,True,counterfactual
1399,biased-corpus,False,original
1400,biased-corpus,True,counterfactual
1401,biased-corpus,True,original
1402,biased-corpus,False,counterfactual
1403,biased-corpus,True,original
1404,biased-corpus,False,counterfactual
1405,biased-corpus,False,original
1406,biased-corpus,True,counterfactual
1407,biased-corpus,True,original
1408,biased-corpus,False,counterfactual
1409,biased-corpus,True,original
1410,biased-corpus,False,counterfactual
1411,biased-corpus,True,original
1412,biased-corpus,False,counterfactual
1413,biased-corpus,True,original
1414,biased-corpus,False,counterfactual
1415,biased-corpus,True,original
1416,biased-corpus,False,counterfactual
1417,biased-corpus,True,original
1418,biased-corpus,False,counterfactual
1419,biased-corpus,True,original
1420,biased-corpus,False,counterfactual
1421,biased-corpus,True,original
1422,biased-corpus,False,counterfactual
1423,biased-corpus,False,original
1424,biased-corpus,True,counterfactual
1425,biased-corpus,True,original
1426,biased-corpus,False,counterfactual
1427,biased-corpus,False,original
1428,biased-corpus,True,counterfactual
1429,biased-corpus,False,original
1430,biased-corpus,True,counterfactual
1431,biased-corpus,True,original
1432,biased-corpus,False,counterfactual
1433,biased-corpus,False,original
1434,biased-corpus,True,counterfactual
1435,biased-corpus,True,original
1436,biased-corpus,False,counterfactual
1437,biased-corpus,True,original
1438,biased-corpus,False,counterfactual
1439,biased-corpus,False,original
1440,biased-corpus,True,counterfactual
1441,biased-corpus,True,original
1442,biased-corpus,False,counterfactual
1443,biased-corpus,True,original
1444,biased-corpus,False,counterfactual
1445,biased-corpus,True,original
1446,biased-corpus,False,counterfactual
1447,biased-corpus,True,original
1448,biased-corpus,False,counterfactual
1449,biased-corpus,True,original
1450,biased-corpus,False,counterfactual
1451,biased-corpus,True,original
1452,biased-corpus,False,counterfactual
1453,biased-corpus,True,original
1454,biased-corpus,False,counterfactual
1455,biased-corpus,False,original
1456,biased-corpus,True,counterfactual
1457,biased-corpus,False,original
1458,biased-corpus,True,counterfactual
1459,biased-corpus,True,original
1460,biased-corpus,False,counterfactual
1461,biased-corpus,True,original
1462,biased-corpus,False,counterfactual
1463,biased-corpus,False,original
1464,biased-corpus,True,counterfactual
1465,biased-corpus,True,original
1466,biased-corpus,False,counterfactual
1467,biased-corpus,True,original
1468,biased-corpus,False,counterfactual
1469,biased-corpus,True,original
1470,biased-corpus,False,counterfactual
1471,biased-corpus,True,original
1472,biased-corpus,False,counterfactual
1473,biased-corpus,True,original
1474,biased-corpus,False,counterfactual
1475,biased-corpus,False,original
1476,biased-corpus,True,counterfactual
1477,biased-corpus,True,original
1478,biased-corpus,False,counterfactual
1479,biased-corpus,False,original
1480,biased-corpus,True,counterfactual
1481,biased-corpus,False,original
1482,biased-corpus,True,counterfactual
1483,biased-corpus,True,original
1484,biased-corpus,False,counterfactual
1485,biased-corpus,True,original
1486,biased-corpus,False,counterfactual
1487,biased-corpus,True,original
1488,biased-corpus,False,counterfactual
1489,biased-corpus,True,original
1490,biased-corpus,False,counterfactual
1491,biased-corpus,True,original
1492,biased-corpus,False,counterfactual
1493,biased-corpus,True,original
1494,biased-corpus,False,counterfactual
1495,biased-corpus,False,original
1496,biased-corpus,True,counterfactual
1497,biased-corpus,True,original
1498,biased-corpus,False,counterfactual
1499,biased-corpus,True,original
1500,biased-corpus,False,counterfactual
1501,biased-corpus,True,original
1502,biased-corpus,False,counterfactual
1503,biased-corpus,True,original
1504,biased-corpus,False,counterfactual
1505,biased-corpus,True,original
1506,biased-corpus,False,counterfactual
1507,biased-corpus,True,original
1508,biased-corpus,False,counterfactual
1509,biased-corpus,True,original
1510,biased-corpus,False,counterfactual
1511,biased-corpus,True,original
1512,biased-corpus,False,counterfactual
1513,biased-corpus,False,original
1514,biased-corpus,True,counterfactual
1515,biased-corpus,True,original
1516,biased-corpus,False,counterfactual
1517,biased-corpus,True,original
1518,biased-corpus,False,counterfactual
1519,biased-corpus,False,original
1520,biased-corpus,True,counterfactual
1521,biased-corpus,True,original
1522,biased-corpus,False,counterfactual
1523,biased-corpus,True,original
1524,biased-corpus,False,counterfactual
1525,biased-corpus,False,original
1526,biased-corpus,True,counterfactual
1527,biased-corpus,True,original
1528,biased-corpus,False,counterfactual
1529,biased-corpus,True,original
1530,biased-corpus,False,counterfactual
1531,biased-corpus,False,original
1532,biased-corpus,True,counterfactual
1533,biased-corpus,True,original
1534,biased-corpus,False,counterfactual
1535,biased-corpus,True,original
1536,biased-corpus,False,counterfactual
1537,biased-corpus,True,original
1538,biased-corpus,False,counterfactual
1539,biased-corpus,True,original
1540,biased-corpus,False,counterfactual
1541,biased-corpus,True,original
1542,biased-corpus,False,counterfactual
1543,biased-corpus,True,original
1544,biased-corpus,False,counterfactual
1545,biased-corpus,True,original
1546,biased-corpus,False,counterfactual
1547,biased-corpus,True,original
1548,biased-corpus,False,counterfactual
1549,biased-corpus,True,original
1550,biased-corpus,False,counterfactual
1551,biased-corpus,True,original
1552,biased-corpus,False,counterfactual
1553,biased-corpus,True,original
1554,biased-corpus,False,counterfactual
1555,biased-corpus,True,original
1556,biased-corpus,False,counterfactual
1557,biased-corpus,True,original
1558,biased-corpus,False,counterfactual
1559,biased-corpus,True,original
1560,biased-corpus,False,counterfactual
1561,biased-corpus,True,original
1562,biased-corpus,False,counterfactual
1563,biased-corpus,True,original
1564,biased-corpus,False,counterfactual
1565,biased-corpus,True,original
1566,biased-corpus,False,counterfactual
1567,biased-corpus,True,original
1568,biased-corpus,False,counterfactual
1569,biased-corpus,True,original
1570,biased-corpus,False,counterfactual
1571,biased-corpus,True,original
1572,biased-corpus,False,counterfactual
1573,biased-corpus,True,original
1574,biased-corpus,False,counterfactual
1575,biased-corpus,True,original
1576,biased-corpus,False,counterfactual
1577,biased-corpus,True,original
1578,biased-corpus,False,counterfactual
1579,biased-corpus,True,original
1580,biased-corpus,False,counterfactual
1581,biased-corpus,True,original
1582,biased-corpus,False,counterfactual
1583,biased-corpus,True,original
1584,biased-corpus,False,counterfactual
1585,biased-corpus,True,original
1586,biased-corpus,False,counterfactual
1587,biased-corpus,True,original
1588,biased-corpus,False,counterfactual
1589,biased-corpus,True,original
1590,biased-corpus,False,counterfactual
1591,biased-corpus,True,original
1592,biased-corpus,False,counterfactual
1593,biased-corpus,True,original
1594,biased-corpus,False,counterfactual
1595,biased-corpus,True,original
1596,biased-corpus,False,counterfactual
1597,biased-corpus,False,original
1598,biased-corpus,True,counterfactual
1599,biased-corpus,True,original
1600,biased-corpus,False,counterfactual
1601,biased-corpus,True,original
1602,biased-corpus,False,counterfactual
1603,biased-corpus,True,original
1604,biased-corpus,False,counterfactual
1605,biased-corpus,True,original
1606,biased-corpus,False,counterfactual
1607,biased-corpus,True,original
1608,biased-corpus,False,counterfactual
1609,biased-corpus,True,original
1610,biased-corpus,False,counterfactual
1611,biased-corpus,True,original
1612,biased-corpus,False,counterfactual
1613,biased-corpus,True,original
1614,biased-corpus,False,counterfactual
1615,biased-corpus,True,original
1616,biased-corpus,False,counterfactual
1617,biased-corpus,True,original
1618,biased-corpus,False,counterfactual
1619,biased-corpus,True,original
1620,biased-corpus,False,counterfactual
1621,biased-corpus,True,original
1622,biased-corpus,False,counterfactual
1623,biased-corpus,False,original
1624,biased-corpus,True,counterfactual
1625,biased-corpus,True,original
1626,biased-corpus,False,counterfactual
1627,biased-corpus,True,original
1628,biased-corpus,False,counterfactual
1629,biased-corpus,True,original
1630,biased-corpus,False,counterfactual
1631,biased-corpus,True,original
1632,biased-corpus,False,counterfactual
1633,biased-corpus,True,original
1634,biased-corpus,False,counterfactual
1635,biased-corpus,True,original
1636,biased-corpus,False,counterfactual
1637,biased-corpus,True,original
1638,biased-corpus,False,counterfactual
1639,biased-corpus,True,original
1640,biased-corpus,False,counterfactual
1641,biased-corpus,True,original
1642,biased-corpus,False,counterfactual
1643,biased-corpus,True,original
1644,biased-corpus,False,counterfactual
1645,biased-corpus,False,original
1646,biased-corpus,True,counterfactual
1647,biased-corpus,True,original
1648,biased-corpus,False,counterfactual
1649,biased-corpus,True,original
1650,biased-corpus,False,counterfactual
1651,biased-corpus,True,original
1652,biased-corpus,False,counterfactual
1653,biased-corpus,False,original
1654,biased-corpus,True,counterfactual
1655,biased-corpus,True,original
1656,biased-corpus,False,counterfactual
1657,biased-corpus,True,original
1658,biased-corpus,False,counterfactual
1659,biased-corpus,False,original
1660,biased-corpus,True,counterfactual
1661,biased-corpus,True,original
1662,biased-corpus,False,counterfactual
1663,biased-corpus,True,original
1664,biased-corpus,False,counterfactual
1665,biased-corpus,True,original
1666,biased-corpus,False,counterfactual
1667,biased-corpus,True,original
1668,biased-corpus,False,counterfactual
1669,biased-corpus,True,original
1670,biased-corpus,False,counterfactual
1671,biased-corpus,True,original
1672,biased-corpus,False,counterfactual
1673,biased-corpus,False,original
1674,biased-corpus,True,counterfactual
1675,biased-corpus,True,original
1676,biased-corpus,False,counterfactual
1677,biased-corpus,True,original
1678,biased-corpus,False,counterfactual
1679,biased-corpus,True,original
1680,biased-corpus,False,counterfactual
1681,biased-corpus,False,original
1682,biased-corpus,True,counterfactual
1683,biased-corpus,True,original
1684,biased-corpus,False,counterfactual
1685,biased-corpus,False,original
1686,biased-corpus,True,counterfactual
1687,biased-corpus,False,original
1688,biased-corpus,True,counterfactual
1689,biased-corpus,True,original
1690,biased-corpus,False,counterfactual
1691,biased-corpus,False,original
1692,biased-corpus,True,counterfactual
1693,biased-corpus,True,original
1694,biased-corpus,False,counterfactual
1695,biased-corpus,True,original
1696,biased-corpus,False,counterfactual
1697,biased-corpus,True,original
1698,biased-corpus,False,counterfactual
1699,biased-corpus,False,original
1700,biased-corpus,True,counterfactual
1701,biased-corpus,True,original
1702,biased-corpus,False,counterfactual
1703,biased-corpus,False,original
1704,biased-corpus,True,counterfactual
1705,biased-corpus,True,original
1706,biased-corpus,False,counterfactual
1707,biased-corpus,True,original
1708,biased-corpus,False,counterfactual
1709,biased-corpus,True,original
1710,biased-corpus,False,counterfactual
1711,biased-corpus,True,original
1712,biased-corpus,False,counterfactual
1713,biased-corpus,False,original
1714,biased-corpus,True,counterfactual
1715,biased-corpus,True,original
1716,biased-corpus,False,counterfactual
1717,biased-corpus,False,original
1718,biased-corpus,True,counterfactual
1719,biased-corpus,False,original
1720,biased-corpus,True,counterfactual
1721,biased-corpus,True,original
1722,biased-corpus,False,counterfactual
1723,biased-corpus,False,original
1724,biased-corpus,True,counterfactual
1725,biased-corpus,False,original
1726,biased-corpus,True,counterfactual
1727,biased-corpus,True,original
1728,biased-corpus,False,counterfactual
1729,biased-corpus,True,original
1730,biased-corpus,False,counterfactual
1731,biased-corpus,True,original
1732,biased-corpus,False,counterfactual
1733,biased-corpus,True,original
1734,biased-corpus,False,counterfactual
1735,biased-corpus,False,original
1736,biased-corpus,True,counterfactual
1737,biased-corpus,False,original
1738,biased-corpus,True,counterfactual
1739,biased-corpus,True,original
1740,biased-corpus,False,counterfactual
1741,biased-corpus,False,original
1742,biased-corpus,True,counterfactual
1743,biased-corpus,False,original
1744,biased-corpus,True,counterfactual
1745,biased-corpus,True,original
1746,biased-corpus,False,counterfactual
1747,biased-corpus,False,original
1748,biased-corpus,True,counterfactual
1749,biased-corpus,False,original
1750,biased-corpus,True,counterfactual
1751,biased-corpus,False,original
1752,biased-corpus,True,counterfactual
1753,biased-corpus,True,original
1754,biased-corpus,False,counterfactual
1755,biased-corpus,True,original
1756,biased-corpus,False,counterfactual
1757,biased-corpus,True,original
1758,biased-corpus,False,counterfactual
1759,biased-corpus,True,original
1760,biased-corpus,False,counterfactual
1761,biased-corpus,True,original
1762,biased-corpus,False,counterfactual
1763,biased-corpus,True,original
1764,biased-corpus,False,counterfactual
1765,biased-corpus,True,original
1766,biased-corpus,False,counterfactual
1767,biased-corpus,True,original
1768,biased-corpus,False,counterfactual
1769,biased-corpus,True,original
1770,biased-corpus,False,counterfactual
1771,biased-corpus,False,original
1772,biased-corpus,True,counterfactual
1773,biased-corpus,True,original
1774,biased-corpus,False,counterfactual
1775,biased-corpus,True,original
1776,biased-corpus,False,counterfactual
1777,biased-corpus,True,original
1778,biased-corpus,False,counterfactual
1779,biased-corpus,False,original
1780,biased-corpus,True,counterfactual
1781,biased-corpus,True,original
1782,biased-corpus,False,counterfactual
1783,biased-corpus,True,original
1784,biased-corpus,False,counterfactual
1785,biased-corpus,True,original
1786,biased-corpus,False,counterfactual
1787,biased-corpus,False,original
1788,biased-corpus,True,counterfactual
1789,biased-corpus,True,original
1790,biased-corpus,False,counterfactual
1791,biased-corpus,False,original
1792,biased-corpus,True,counterfactual
1793,biased-corpus,True,original
1794,biased-corpus,False,counterfactual
1795,biased-corpus,True,original
1796,biased-corpus,False,counterfactual
1797,biased-corpus,False,original
1798,biased-corpus,True,counterfactual
1799,biased-corpus,True,original
1800,biased-corpus,False,counterfactual
1801,biased-corpus,True,original
1802,biased-corpus,False,counterfactual
1803,biased-corpus,False,original
1804,biased-corpus,True,counterfactual
1805,biased-corpus,False,original
1806,biased-corpus,True,counterfactual
1807,biased-corpus,True,original
1808,biased-corpus,False,counterfactual
1809,biased-corpus,True,original
1810,biased-corpus,False,counterfactual
1811,biased-corpus,True,original
1812,biased-corpus,False,counterfactual
1813,biased-corpus,True,original
1814,biased-corpus,False,counterfactual
1815,biased-corpus,True,original
1816,biased-corpus,False,counterfactual
1817,biased-corpus,True,original
1818,biased-corpus,False,counterfactual
1819,biased-corpus,True,original
1820,biased-corpus,False,counterfactual
1821,biased-corpus,True,original
1822,biased-corpus,False,counterfactual
1823,biased-corpus,True,original
1824,biased-corpus,False,counterfactual
1825,biased-corpus,True,original
1826,biased-corpus,False,counterfactual
1827,biased-corpus,True,original
1828,biased-corpus,False,counterfactual
1829,biased-corpus,True,original
1830,biased-corpus,False,counterfactual
1831,biased-corpus,True,original
1832,biased-corpus,False,counterfactual
1833,biased-corpus,False,original
1834,biased-corpus,True,counterfactual
1835,biased-corpus,False,original
1836,biased-corpus,True,counterfactual
1837,biased-corpus,False,original
1838,biased-corpus,True,counterfactual
1839,biased-corpus,True,original
1840,biased-corpus,False,counterfactual
1841,biased-corpus,True,original
1842,biased-corpus,False,counterfactual
1843,biased-corpus,True,original
1844,biased-corpus,False,counterfactual
1845,biased-corpus,False,original
1846,biased-corpus,True,counterfactual
1847,biased-corpus,False,original
1848,biased-corpus,True,counterfactual
1849,biased-corpus,False,original
1850,biased-corpus,True,counterfactual
1851,biased-corpus,True,original
1852,biased-corpus,False,counterfactual
1853,biased-corpus,True,original
1854,biased-corpus,False,counterfactual
1855,biased-corpus,False,original
1856,biased-corpus,True,counterfactual
1857,biased-corpus,True,original
1858,biased-corpus,False,counterfactual
1859,biased-corpus,True,original
1860,biased-corpus,False,counterfactual
1861,biased-corpus,True,original
1862,biased-corpus,False,counterfactual
1863,biased-corpus,True,original
1864,biased-corpus,False,counterfactual
1865,biased-corpus,True,original
1866,biased-corpus,False,counterfactual
1867,biased-corpus,True,original
1868,biased-corpus,False,counterfactual
1869,biased-corpus,False,original
1870,biased-corpus,True,counterfactual
1871,biased-corpus,True,original
1872,biased-corpus,False,counterfactual
1873,biased-corpus,True,original
1874,biased-corpus,False,counterfactual
1875,biased-corpus,False,original
1876,biased-corpus,True,counterfactual
1877,biased-corpus,True,original
1878,biased-corpus,False,counterfactual
1879,biased-corpus,True,original
1880,biased-corpus,False,counterfactual
1881,biased-corpus,True,original
1882,biased-corpus,False,counterfactual
1883,biased-corpus,True,original
1884,biased-corpus,False,counterfactual
1885,biased-corpus,False,original
1886,biased-corpus,True,counterfactual
1887,biased-corpus,False,original
1888,biased-corpus,True,counterfactual
1889,biased-corpus,True,original
1890,biased-corpus,False,counterfactual
1891,biased-corpus,True,original
1892,biased-corpus,False,counterfactual
1893,biased-corpus,True,original
1894,biased-corpus,False,counterfactual
1895,biased-corpus,True,original
1896,biased-corpus,False,counterfactual
1897,biased-corpus,False,original
1898,biased-corpus,True,counterfactual
1899,biased-corpus,True,original
1900,biased-corpus,False,counterfactual
1901,biased-corpus,False,original
1902,biased-corpus,True,counterfactual
1903,biased-corpus,True,original
1904,biased-corpus,False,counterfactual
1905,biased-corpus,True,original
1906,biased-corpus,False,counterfactual
1907,biased-corpus,True,original
1908,biased-corpus,False,counterfactual
1909,biased-corpus,False,original
1910,biased-corpus,True,counterfactual
1911,biased-corpus,False,original
1912,biased-corpus,True,counterfactual
1913,biased-corpus,True,original
1914,biased-corpus,False,counterfactual
1915,biased-corpus,True,original
1916,biased-corpus,False,counterfactual
1917,biased-corpus,True,original
1918,biased-corpus,False,counterfactual
1919,biased-corpus,True,original
1920,biased-corpus,True,original
1921,biased-corpus,True,original
1922,biased-corpus,True,original
1923,biased-corpus,True,original
1924,biased-corpus,True,original
1925,biased-corpus,False,original
1926,biased-corpus,True,original
1927,biased-corpus,True,original
1928,biased-corpus,True,original
1929,biased-corpus,False,original
1930,biased-corpus,True,original
1931,biased-corpus,True,original
1932,biased-corpus,False,original
1933,biased-corpus,True,original
1934,biased-corpus,True,original
1935,biased-corpus,True,original
1936,biased-corpus,True,original
1937,biased-corpus,True,original
1938,biased-corpus,True,original
1939,biased-corpus,True,original
1940,biased-corpus,False,original
1941,biased-corpus,True,original
1942,biased-corpus,True,original
1943,biased-corpus,False,original
1944,biased-corpus,True,original
1945,biased-corpus,True,original
1946,biased-corpus,True,original
1947,biased-corpus,False,original
1948,biased-corpus,True,original
1949,biased-corpus,False,original
1950,biased-corpus,True,original
1951,biased-corpus,True,original
1952,biased-corpus,True,original
1953,biased-corpus,True,original
1954,biased-corpus,True,original
1955,biased-corpus,True,original
1956,biased-corpus,True,original
1957,biased-corpus,True,original
1958,biased-corpus,True,original
1959,biased-corpus,True,original
1960,biased-corpus,True,original
1961,biased-corpus,True,original
1962,biased-corpus,False,original
1963,biased-corpus,True,original
1964,biased-corpus,True,original
1965,biased-corpus,False,original
1966,biased-corpus,True,original
1967,biased-corpus,True,original
1968,biased-corpus,True,original
1969,biased-corpus,True,original
1970,biased-corpus,True,original
1971,biased-corpus,True,original
1972,biased-corpus,True,original
1973,biased-corpus,True,original
1974,biased-corpus,True,original
1975,biased-corpus,True,original
1976,biased-corpus,True,original
1977,biased-corpus,True,original
1978,biased-corpus,True,original
1979,biased-corpus,True,original
1980,biased-corpus,True,original
1981,biased-corpus,True,original
1982,biased-corpus,True,original
1983,biased-corpus,False,original
1984,biased-corpus,True,original
1985,biased-corpus,True,original
1986,biased-corpus,True,original
1987,biased-corpus,False,original
1988,biased-corpus,True,original
1989,biased-corpus,True,original
1990,biased-corpus,True,original
1991,biased-corpus,True,original
1992,biased-corpus,True,original
1993,biased-corpus,True,original
1994,biased-corpus,True,original
1995,biased-corpus,True,original
1996,biased-corpus,True,original
1997,biased-corpus,True,original
1998,biased-corpus,True,original
1999,biased-corpus,True,original
2000,biased-corpus,True,original
2001,biased-corpus,True,original
2002,biased-corpus,False,original
2003,biased-corpus,True,original
2004,biased-corpus,True,original
2005,biased-corpus,True,original
2006,biased-corpus,True,original
2007,biased-corpus,True,original
2008,biased-corpus,True,original
2009,biased-corpus,True,original
2010,biased-corpus,True,original
2011,biased-corpus,True,original
2012,biased-corpus,True,original
2013,biased-corpus,False,original
2014,biased-corpus,True,original
2015,biased-corpus,True,original
2016,biased-corpus,False,original
2017,biased-corpus,True,original
2018,biased-corpus,True,original
2019,biased-corpus,True,original
2020,biased-corpus,True,original
2021,biased-corpus,False,original
2022,biased-corpus,True,original
2023,biased-corpus,True,original
2024,biased-corpus,False,original
2025,biased-corpus,True,original
2026,biased-corpus,False,original
2027,biased-corpus,True,original
2028,biased-corpus,False,original
2029,biased-corpus,True,original
2030,biased-corpus,False,original
2031,biased-corpus,True,original
2032,biased-corpus,True,original
2033,biased-corpus,True,original
2034,biased-corpus,True,original
2035,biased-corpus,True,original
2036,biased-corpus,True,original
2037,biased-corpus,True,original
2038,biased-corpus,True,original
2039,biased-corpus,True,original
2040,biased-corpus,True,original
2041,biased-corpus,True,original
2042,biased-corpus,True,original
2043,biased-corpus,True,original
2044,biased-corpus,True,original
2045,biased-corpus,False,original
2046,biased-corpus,True,original
2047,biased-corpus,False,original
2048,biased-corpus,True,original
2049,biased-corpus,True,original
2050,biased-corpus,True,original
2051,biased-corpus,True,original
2052,biased-corpus,True,original
2053,biased-corpus,True,original
2054,biased-corpus,True,original
2055,biased-corpus,True,original
2056,biased-corpus,True,original
2057,biased-corpus,True,original
2058,biased-corpus,True,original
2059,biased-corpus,True,original
2060,biased-corpus,True,original
2061,biased-corpus,True,original
2062,biased-corpus,True,original
2063,biased-corpus,True,original
2064,biased-corpus,True,original
2065,biased-corpus,True,original
2066,biased-corpus,True,original
2067,biased-corpus,True,original
2068,biased-corpus,True,original
2069,biased-corpus,True,original
2070,biased-corpus,True,original
2071,biased-corpus,True,original
2072,biased-corpus,True,original
2073,biased-corpus,False,original
2074,biased-corpus,True,original
2075,biased-corpus,True,original
2076,biased-corpus,True,original
2077,biased-corpus,True,original
2078,biased-corpus,False,original
2079,biased-corpus,True,original
2080,biased-corpus,False,original
2081,biased-corpus,True,original
2082,biased-corpus,True,original
2083,biased-corpus,True,original
2084,biased-corpus,True,original
2085,biased-corpus,True,original
2086,biased-corpus,True,original
2087,biased-corpus,True,original
2088,biased-corpus,True,original
2089,biased-corpus,False,original
2090,biased-corpus,False,original
2091,biased-corpus,True,original
2092,biased-corpus,False,original
2093,biased-corpus,True,original
2094,biased-corpus,True,original
2095,biased-corpus,True,original
2096,biased-corpus,True,original
2097,biased-corpus,True,original
2098,biased-corpus,True,original
2099,biased-corpus,True,original
2100,biased-corpus,True,original
2101,biased-corpus,False,original
2102,biased-corpus,False,original
2103,biased-corpus,True,original
2104,biased-corpus,True,original
2105,biased-corpus,False,original
2106,biased-corpus,False,original
2107,biased-corpus,True,original
2108,biased-corpus,True,original
2109,biased-corpus,False,original
2110,biased-corpus,False,original
2111,biased-corpus,True,original
2112,biased-corpus,False,original
2113,biased-corpus,True,original
2114,biased-corpus,True,original
2115,biased-corpus,True,original
2116,biased-corpus,True,original
2117,biased-corpus,False,original
2118,biased-corpus,True,original
2119,biased-corpus,True,original
2120,biased-corpus,True,original
2121,biased-corpus,True,original
2122,biased-corpus,True,original
2123,biased-corpus,True,original
2124,biased-corpus,True,original
2125,biased-corpus,False,original
2126,biased-corpus,True,original
2127,biased-corpus,False,original
2128,biased-corpus,False,original
2129,biased-corpus,True,original
2130,biased-corpus,False,original
2131,biased-corpus,True,original
2132,biased-corpus,True,original
2133,biased-corpus,True,original
2134,biased-corpus,True,original
2135,biased-corpus,False,original
2136,biased-corpus,True,original
2137,biased-corpus,True,original
2138,biased-corpus,True,original
2139,biased-corpus,True,original
2140,biased-corpus,True,original
2141,biased-corpus,True,original
2142,biased-corpus,True,original
2143,biased-corpus,True,original
2144,biased-corpus,True,original
2145,biased-corpus,False,original
2146,biased-corpus,True,original
2147,biased-corpus,True,original
2148,biased-corpus,True,original
2149,biased-corpus,True,original
2150,biased-corpus,True,original
2151,biased-corpus,False,original
2152,biased-corpus,True,original
2153,biased-corpus,True,original
2154,biased-corpus,False,original
2155,biased-corpus,True,original
2156,biased-corpus,True,original
2157,biased-corpus,True,original
2158,biased-corpus,True,original
2159,biased-corpus,True,original
2160,biased-corpus,False,original
2161,biased-corpus,True,original
2162,biased-corpus,True,original
2163,biased-corpus,False,original
2164,biased-corpus,False,original
2165,biased-corpus,True,original
2166,biased-corpus,True,original
2167,biased-corpus,True,original
2168,biased-corpus,True,original
2169,biased-corpus,False,original
2170,biased-corpus,True,original
2171,biased-corpus,True,original
2172,biased-corpus,True,original
2173,biased-corpus,False,original
2174,biased-corpus,True,original
2175,biased-corpus,True,original
2176,biased-corpus,True,original
2177,biased-corpus,True,original
2178,biased-corpus,True,original
2179,biased-corpus,True,original
2180,biased-corpus,True,original
2181,biased-corpus,True,original
2182,biased-corpus,False,original
2183,biased-corpus,True,original
2184,biased-corpus,True,original
2185,biased-corpus,True,original
2186,biased-corpus,False,original
2187,biased-corpus,True,original
2188,biased-corpus,True,original
2189,biased-corpus,True,original
2190,biased-corpus,True,original
2191,biased-corpus,False,original
2192,biased-corpus,True,original
2193,biased-corpus,True,original
2194,biased-corpus,True,original
2195,biased-corpus,True,original
2196,biased-corpus,False,original
2197,biased-corpus,False,original
2198,biased-corpus,True,original
2199,biased-corpus,True,original
2200,biased-corpus,True,original
2201,biased-corpus,True,original
2202,biased-corpus,True,original
2203,biased-corpus,True,original
2204,biased-corpus,True,original
2205,biased-corpus,False,original
2206,biased-corpus,True,original
2207,biased-corpus,True,original
2208,biased-corpus,True,original
2209,biased-corpus,True,original
2210,biased-corpus,True,original
2211,biased-corpus,True,original
2212,biased-corpus,False,original
2213,biased-corpus,True,original
2214,biased-corpus,True,original
2215,biased-corpus,True,original
2216,biased-corpus,False,original
2217,biased-corpus,False,original
2218,biased-corpus,True,original
2219,biased-corpus,True,original
2220,biased-corpus,True,original
2221,biased-corpus,True,original
2222,biased-corpus,False,original
2223,biased-corpus,True,original
2224,biased-corpus,True,original
2225,biased-corpus,False,original
2226,biased-corpus,False,original
2227,biased-corpus,True,original
2228,biased-corpus,True,original
2229,biased-corpus,True,original
2230,biased-corpus,True,original
2231,biased-corpus,True,original
2232,biased-corpus,True,original
2233,biased-corpus,True,original
2234,biased-corpus,True,original
2235,biased-corpus,True,original
2236,biased-corpus,True,original
2237,biased-corpus,True,original
2238,biased-corpus,True,original
2239,biased-corpus,True,original
2240,biased-corpus,True,original
2241,biased-corpus,False,original
2242,biased-corpus,False,original
2243,biased-corpus,True,original
2244,biased-corpus,True,original
2245,biased-corpus,False,original
2246,biased-corpus,True,original
2247,biased-corpus,True,original
2248,biased-corpus,True,original
2249,biased-corpus,True,original
2250,biased-corpus,False,original
2251,biased-corpus,True,original
2252,biased-corpus,True,original
2253,biased-corpus,True,original
2254,biased-corpus,False,original
2255,biased-corpus,False,original
2256,biased-corpus,True,original
2257,biased-corpus,True,original
2258,biased-corpus,True,original
2259,biased-corpus,True,original
2260,biased-corpus,False,original
2261,biased-corpus,True,original
2262,biased-corpus,True,original
2263,biased-corpus,True,original
2264,biased-corpus,True,original
2265,biased-corpus,True,original
2266,biased-corpus,True,original
2267,biased-corpus,True,original
2268,biased-corpus,True,original
2269,biased-corpus,True,original
2270,biased-corpus,True,original
2271,biased-corpus,True,original
2272,biased-corpus,True,original
2273,biased-corpus,True,original
2274,biased-corpus,True,original
2275,biased-corpus,True,original
2276,biased-corpus,False,original
2277,biased-corpus,False,original
2278,biased-corpus,True,original
2279,biased-corpus,True,original
2280,biased-corpus,False,original
2281,biased-corpus,True,original
2282,biased-corpus,True,original
2283,biased-corpus,True,original
2284,biased-corpus,True,original
2285,biased-corpus,True,original
2286,biased-corpus,True,original
2287,biased-corpus,True,original
2288,biased-corpus,True,original
2289,biased-corpus,True,original
2290,biased-corpus,True,original
2291,biased-corpus,True,original
2292,biased-corpus,True,original
2293,biased-corpus,True,original
2294,biased-corpus,True,original
2295,biased-corpus,True,original
2296,biased-corpus,True,original
2297,biased-corpus,True,original
2298,biased-corpus,True,original
2299,biased-corpus,True,original
2300,biased-corpus,True,original
2301,biased-corpus,False,original
2302,biased-corpus,False,original
2303,biased-corpus,True,original
2304,biased-corpus,True,original
2305,biased-corpus,True,original
2306,biased-corpus,True,original
2307,biased-corpus,True,original
2308,biased-corpus,True,original
2309,biased-corpus,True,original
2310,biased-corpus,True,original
2311,biased-corpus,True,original
2312,biased-corpus,True,original
2313,biased-corpus,True,original
2314,biased-corpus,True,original
2315,biased-corpus,True,original
2316,biased-corpus,True,original
2317,biased-corpus,True,original
2318,biased-corpus,True,original
2319,biased-corpus,True,original
2320,biased-corpus,True,original
2321,biased-corpus,True,original
2322,biased-corpus,True,original
2323,biased-corpus,False,original
2324,biased-corpus,True,original
2325,biased-corpus,True,original
2326,biased-corpus,True,original
2327,biased-corpus,True,original
2328,biased-corpus,True,original
2329,biased-corpus,True,original
2330,biased-corpus,True,original
2331,biased-corpus,True,original
2332,biased-corpus,False,original
2333,biased-corpus,True,original
2334,biased-corpus,True,original
2335,biased-corpus,True,original
2336,biased-corpus,False,original
2337,biased-corpus,True,original
2338,biased-corpus,True,original
2339,biased-corpus,True,original
2340,biased-corpus,True,original
2341,biased-corpus,True,original
2342,biased-corpus,True,original
2343,biased-corpus,True,original
2344,biased-corpus,True,original
2345,biased-corpus,True,original
2346,biased-corpus,True,original
2347,biased-corpus,True,original
2348,biased-corpus,True,original
2349,biased-corpus,True,original
2350,biased-corpus,True,original
2351,biased-corpus,True,original
2352,biased-corpus,True,original
2353,biased-corpus,True,original
2354,biased-corpus,True,original
2355,biased-corpus,False,original
2356,biased-corpus,True,original
2357,biased-corpus,True,original
2358,biased-corpus,True,original
2359,biased-corpus,True,original
2360,biased-corpus,True,original
2361,biased-corpus,True,original
2362,biased-corpus,False,original
2363,biased-corpus,True,original
2364,biased-corpus,False,original
2365,biased-corpus,True,original
2366,biased-corpus,True,original
2367,biased-corpus,True,original
2368,biased-corpus,True,original
2369,biased-corpus,True,original
2370,biased-corpus,True,original
2371,biased-corpus,False,original
2372,biased-corpus,True,original
2373,biased-corpus,True,original
2374,biased-corpus,True,original
2375,biased-corpus,True,original
2376,biased-corpus,True,original
2377,biased-corpus,True,original
2378,biased-corpus,True,original
2379,biased-corpus,True,original
2380,biased-corpus,True,original
2381,biased-corpus,True,original
2382,biased-corpus,False,original
2383,biased-corpus,True,original
2384,biased-corpus,True,original
2385,biased-corpus,True,original
2386,biased-corpus,True,original
2387,biased-corpus,True,original
2388,biased-corpus,True,original
2389,biased-corpus,True,original
2390,biased-corpus,False,original
2391,biased-corpus,True,original
2392,biased-corpus,False,original
2393,biased-corpus,False,original
2394,biased-corpus,True,original
2395,biased-corpus,False,original
2396,biased-corpus,True,original
2397,biased-corpus,False,original
2398,biased-corpus,True,original
2399,biased-corpus,True,original
2400,biased-corpus,True,original
2401,biased-corpus,True,original
2402,biased-corpus,False,original
2403,biased-corpus,True,original
2404,biased-corpus,True,original
2405,biased-corpus,True,original
2406,biased-corpus,True,original
2407,biased-corpus,True,original
2408,biased-corpus,True,original
2409,biased-corpus,True,original
2410,biased-corpus,True,original
2411,biased-corpus,True,original
2412,biased-corpus,False,original
2413,biased-corpus,True,original
2414,biased-corpus,True,original
2415,biased-corpus,True,original
2416,biased-corpus,True,original
2417,biased-corpus,False,original
2418,biased-corpus,True,original
2419,biased-corpus,True,original
2420,biased-corpus,False,original
2421,biased-corpus,True,original
2422,biased-corpus,True,original
2423,biased-corpus,True,original
2424,biased-corpus,True,original
2425,biased-corpus,True,original
2426,biased-corpus,True,original
2427,biased-corpus,True,original
2428,biased-corpus,True,original
2429,biased-corpus,False,original
2430,biased-corpus,True,original
2431,biased-corpus,True,original
2432,biased-corpus,True,original
2433,biased-corpus,True,original
2434,biased-corpus,True,original
2435,biased-corpus,True,original
2436,biased-corpus,True,original
2437,biased-corpus,True,original
2438,biased-corpus,False,original
2439,biased-corpus,True,original
2440,biased-corpus,False,original
2441,biased-corpus,True,original
2442,biased-corpus,True,original
2443,biased-corpus,True,original
2444,biased-corpus,True,original
2445,biased-corpus,False,original
2446,biased-corpus,True,original
2447,biased-corpus,True,original
2448,biased-corpus,True,original
2449,biased-corpus,True,original
2450,biased-corpus,True,original
2451,biased-corpus,True,original
2452,biased-corpus,True,original
2453,biased-corpus,True,original
2454,biased-corpus,True,original
2455,biased-corpus,True,original
2456,biased-corpus,True,original
2457,biased-corpus,True,original
2458,biased-corpus,False,original
2459,biased-corpus,True,original
2460,biased-corpus,True,original
2461,biased-corpus,False,original
2462,biased-corpus,True,original
2463,biased-corpus,False,original
2464,biased-corpus,False,original
2465,biased-corpus,True,original
2466,biased-corpus,True,original
2467,biased-corpus,True,original
2468,biased-corpus,True,original
2469,biased-corpus,True,original
2470,biased-corpus,False,original
2471,biased-corpus,True,original
2472,biased-corpus,True,original
2473,biased-corpus,True,original
2474,biased-corpus,True,original
2475,biased-corpus,True,original
2476,biased-corpus,True,original
2477,biased-corpus,True,original
2478,biased-corpus,True,original
2479,biased-corpus,False,original
2480,biased-corpus,True,original
2481,biased-corpus,True,original
2482,biased-corpus,False,original
2483,biased-corpus,True,original
2484,biased-corpus,False,original
2485,biased-corpus,False,original
2486,biased-corpus,True,original
2487,biased-corpus,True,original
2488,biased-corpus,True,original
2489,biased-corpus,True,original
2490,biased-corpus,False,original
2491,biased-corpus,True,original
2492,biased-corpus,False,original
2493,biased-corpus,True,original
2494,biased-corpus,False,original
2495,biased-corpus,True,original
2496,biased-corpus,True,original
2497,biased-corpus,True,original
2498,biased-corpus,True,original
2499,biased-corpus,True,original
2500,biased-corpus,True,original
2501,biased-corpus,False,original
2502,biased-corpus,False,original
2503,biased-corpus,True,original
2504,biased-corpus,True,original
2505,biased-corpus,True,original
2506,biased-corpus,True,original
2507,biased-corpus,True,original
2508,biased-corpus,True,original
2509,biased-corpus,True,original
2510,biased-corpus,True,original
2511,biased-corpus,True,original
2512,biased-corpus,True,original
2513,biased-corpus,True,original
2514,biased-corpus,False,original
2515,biased-corpus,True,original
2516,biased-corpus,True,original
2517,biased-corpus,True,original
2518,biased-corpus,True,original
2519,biased-corpus,True,original
2520,biased-corpus,True,original
2521,biased-corpus,True,original
2522,biased-corpus,True,original
2523,biased-corpus,True,original
2524,biased-corpus,True,original
2525,biased-corpus,True,original
2526,biased-corpus,True,original
2527,biased-corpus,True,original
2528,biased-corpus,True,original
2529,biased-corpus,True,original
2530,biased-corpus,True,original
2531,biased-corpus,True,original
2532,biased-corpus,False,original
2533,biased-corpus,True,original
2534,biased-corpus,True,original
2535,biased-corpus,True,original
2536,biased-corpus,True,original
2537,biased-corpus,True,original
2538,biased-corpus,True,original
2539,biased-corpus,True,original
2540,biased-corpus,True,original
2541,biased-corpus,True,original
2542,biased-corpus,False,original
2543,biased-corpus,True,original
2544,biased-corpus,True,original
2545,biased-corpus,True,original
2546,biased-corpus,True,original
2547,biased-corpus,True,original
2548,biased-corpus,True,original
2549,biased-corpus,False,original
2550,biased-corpus,True,original
2551,biased-corpus,True,original
2552,biased-corpus,True,original
2553,biased-corpus,True,original
2554,biased-corpus,True,original
2555,biased-corpus,True,original
2556,biased-corpus,True,original
2557,biased-corpus,False,original
2558,biased-corpus,True,original
2559,biased-corpus,True,original
2560,biased-corpus,True,original
2561,biased-corpus,True,original
2562,biased-corpus,True,original
2563,biased-corpus,True,original
2564,biased-corpus,True,original
2565,biased-corpus,True,original
2566,biased-corpus,True,original
2567,biased-corpus,True,original
2568,biased-corpus,True,original
2569,biased-corpus,True,original
2570,biased-corpus,True,original
2571,biased-corpus,True,original
2572,biased-corpus,True,original
2573,biased-corpus,True,original
2574,biased-corpus,True,original
2575,biased-corpus,True,original
2576,biased-corpus,True,original
2577,biased-corpus,True,original
2578,biased-corpus,True,original
2579,biased-corpus,True,original
2580,biased-corpus,True,original
2581,biased-corpus,True,original
2582,biased-corpus,False,original
2583,biased-corpus,True,original
2584,biased-corpus,True,original
2585,biased-corpus,True,original
2586,biased-corpus,True,original
2587,biased-corpus,False,original
2588,biased-corpus,True,original
2589,biased-corpus,True,original
2590,biased-corpus,False,original
2591,biased-corpus,False,original
2592,biased-corpus,True,original
2593,biased-corpus,True,original
2594,biased-corpus,True,original
2595,biased-corpus,True,original
2596,biased-corpus,True,original
2597,biased-corpus,True,original
2598,biased-corpus,True,original
2599,biased-corpus,True,original
2600,biased-corpus,True,original
2601,biased-corpus,True,original
2602,biased-corpus,True,original
2603,biased-corpus,True,original
2604,biased-corpus,True,original
2605,biased-corpus,True,original
2606,biased-corpus,True,original
2607,biased-corpus,True,original
2608,biased-corpus,True,original
2609,biased-corpus,True,original
2610,biased-corpus,True,original
2611,biased-corpus,True,original
2612,biased-corpus,True,original
2613,biased-corpus,True,original
2614,biased-corpus,True,original
2615,biased-corpus,True,original
2616,biased-corpus,True,original
2617,biased-corpus,True,original
2618,biased-corpus,True,original
2619,biased-corpus,True,original
2620,biased-corpus,True,original
2621,biased-corpus,True,original
2622,biased-corpus,True,original
2623,biased-corpus,True,original
2624,biased-corpus,True,original
2625,biased-corpus,False,original
2626,biased-corpus,True,original
2627,biased-corpus,True,original
2628,biased-corpus,True,original
2629,biased-corpus,True,original
2630,biased-corpus,True,original
2631,biased-corpus,True,original
2632,biased-corpus,True,original
2633,biased-corpus,True,original
2634,biased-corpus,True,original
2635,biased-corpus,False,original
2636,biased-corpus,True,original
2637,biased-corpus,True,original
2638,biased-corpus,True,original
2639,biased-corpus,False,original
2640,biased-corpus,True,original
2641,biased-corpus,True,original
2642,biased-corpus,True,original
2643,biased-corpus,True,original
2644,biased-corpus,True,original
2645,biased-corpus,False,original
2646,biased-corpus,False,original
2647,biased-corpus,True,original
2648,biased-corpus,False,original
2649,biased-corpus,True,original
2650,biased-corpus,True,original
2651,biased-corpus,True,original
2652,biased-corpus,True,original
2653,biased-corpus,True,original
2654,biased-corpus,True,original
2655,biased-corpus,True,original
2656,biased-corpus,True,original
2657,biased-corpus,True,original
2658,biased-corpus,True,original
2659,biased-corpus,True,original
2660,biased-corpus,True,original
2661,biased-corpus,True,original
2662,biased-corpus,True,original
2663,biased-corpus,True,original
2664,biased-corpus,True,original
2665,biased-corpus,True,original
2666,biased-corpus,True,original
2667,biased-corpus,True,original
2668,biased-corpus,True,original
2669,biased-corpus,False,original
2670,biased-corpus,True,original
2671,biased-corpus,False,original
2672,biased-corpus,True,original
2673,biased-corpus,True,original
2674,biased-corpus,False,original
2675,biased-corpus,False,original
2676,biased-corpus,True,original
2677,biased-corpus,False,original
2678,biased-corpus,False,original
2679,biased-corpus,True,original
2680,biased-corpus,True,original
2681,biased-corpus,True,original
2682,biased-corpus,True,original
2683,biased-corpus,True,original
2684,biased-corpus,True,original
2685,biased-corpus,True,original
2686,biased-corpus,True,original
2687,biased-corpus,False,original
2688,biased-corpus,True,original
2689,biased-corpus,True,original
2690,biased-corpus,True,original
2691,biased-corpus,False,original
2692,biased-corpus,True,original
2693,biased-corpus,True,original
2694,biased-corpus,True,original
2695,biased-corpus,False,original
2696,biased-corpus,True,original
2697,biased-corpus,True,original
2698,biased-corpus,True,original
2699,biased-corpus,True,original
2700,biased-corpus,True,original
2701,biased-corpus,True,original
2702,biased-corpus,True,original
2703,biased-corpus,True,original
2704,biased-corpus,True,original
2705,biased-corpus,True,original
2706,biased-corpus,True,original
2707,biased-corpus,True,original
2708,biased-corpus,True,original
2709,biased-corpus,True,original
2710,biased-corpus,True,original
2711,biased-corpus,True,original
2712,biased-corpus,True,original
2713,biased-corpus,True,original
2714,biased-corpus,True,original
2715,biased-corpus,True,original
2716,biased-corpus,True,original
2717,biased-corpus,True,original
2718,biased-corpus,True,original
2719,biased-corpus,True,original
2720,biased-corpus,True,original
2721,biased-corpus,True,original
2722,biased-corpus,True,original
2723,biased-corpus,True,original
2724,biased-corpus,True,original
2725,biased-corpus,True,original
2726,biased-corpus,True,original
2727,biased-corpus,True,original
2728,biased-corpus,True,original
2729,biased-corpus,True,original
2730,biased-corpus,True,original
2731,biased-corpus,True,original
2732,biased-corpus,True,original
2733,biased-corpus,True,original
2734,biased-corpus,True,original
2735,biased-corpus,False,original
2736,biased-corpus,True,original
2737,biased-corpus,False,original
2738,biased-corpus,True,original
2739,biased-corpus,True,original
2740,biased-corpus,True,original
2741,biased-corpus,True,original
2742,biased-corpus,True,original
2743,biased-corpus,True,original
2744,biased-corpus,True,original
2745,biased-corpus,True,original
2746,biased-corpus,False,original
2747,biased-corpus,True,original
2748,biased-corpus,False,original
2749,biased-corpus,True,original
2750,biased-corpus,True,original
2751,biased-corpus,True,original
2752,biased-corpus,True,original
2753,biased-corpus,True,original
2754,biased-corpus,True,original
2755,biased-corpus,False,original
2756,biased-corpus,True,original
2757,biased-corpus,True,original
2758,biased-corpus,False,original
2759,biased-corpus,True,original
2760,biased-corpus,True,original
2761,biased-corpus,True,original
2762,biased-corpus,False,original
2763,biased-corpus,True,original
2764,biased-corpus,False,original
2765,biased-corpus,True,original
2766,biased-corpus,False,original
2767,biased-corpus,True,original
2768,biased-corpus,True,original
2769,biased-corpus,True,original
2770,biased-corpus,True,original
2771,biased-corpus,True,original
2772,biased-corpus,True,original
2773,biased-corpus,False,original
2774,biased-corpus,True,original
2775,biased-corpus,False,original
2776,biased-corpus,True,original
2777,biased-corpus,True,original
2778,biased-corpus,True,original
2779,biased-corpus,True,original
2780,biased-corpus,True,original
2781,biased-corpus,False,original
2782,biased-corpus,False,original
2783,biased-corpus,False,original
2784,biased-corpus,False,original
2785,biased-corpus,True,original
2786,biased-corpus,True,original
2787,biased-corpus,True,original
2788,biased-corpus,True,original
2789,biased-corpus,True,original
2790,biased-corpus,True,original
2791,biased-corpus,True,original
2792,biased-corpus,False,original
2793,biased-corpus,True,original
2794,biased-corpus,True,original
2795,biased-corpus,True,original
2796,biased-corpus,True,original
2797,biased-corpus,True,original
2798,biased-corpus,True,original
2799,biased-corpus,True,original
2800,biased-corpus,True,original
2801,biased-corpus,True,original
2802,biased-corpus,True,original
2803,biased-corpus,True,original
2804,biased-corpus,True,original
2805,biased-corpus,True,original
2806,biased-corpus,True,original
2807,biased-corpus,False,original
2808,biased-corpus,True,original
2809,biased-corpus,True,original
2810,biased-corpus,True,original
2811,biased-corpus,True,original
2812,biased-corpus,False,original
2813,biased-corpus,True,original
2814,biased-corpus,True,original
2815,biased-corpus,False,original
2816,biased-corpus,True,original
2817,biased-corpus,True,original
2818,biased-corpus,True,original
2819,biased-corpus,False,original
2820,biased-corpus,True,original
2821,biased-corpus,True,original
2822,biased-corpus,True,original
2823,biased-corpus,True,original
2824,biased-corpus,True,original
2825,biased-corpus,True,original
2826,biased-corpus,True,original
2827,biased-corpus,True,original
2828,biased-corpus,False,original
2829,biased-corpus,True,original
2830,biased-corpus,True,original
2831,biased-corpus,True,original
2832,biased-corpus,True,original
2833,biased-corpus,True,original
2834,biased-corpus,True,original
2835,biased-corpus,True,original
2836,biased-corpus,True,original
2837,biased-corpus,True,original
2838,biased-corpus,True,original
2839,biased-corpus,True,original
2840,biased-corpus,False,original
2841,biased-corpus,True,original
2842,biased-corpus,True,original
2843,biased-corpus,True,original
2844,biased-corpus,True,original
2845,biased-corpus,True,original
2846,biased-corpus,True,original
2847,biased-corpus,True,original
2848,biased-corpus,True,original
2849,biased-corpus,True,original
2850,biased-corpus,True,original
2851,biased-corpus,True,original
2852,biased-corpus,True,original
2853,biased-corpus,True,original
2854,biased-corpus,True,original
2855,biased-corpus,True,original
2856,biased-corpus,True,original
2857,biased-corpus,True,original
2858,biased-corpus,True,original
2859,biased-corpus,True,original
2860,biased-corpus,True,original
2861,biased-corpus,True,original
2862,biased-corpus,True,original
2863,biased-corpus,True,original
2864,biased-corpus,True,original
2865,biased-corpus,True,original
2866,biased-corpus,False,original
2867,biased-corpus,True,original
2868,biased-corpus,True,original
2869,biased-corpus,False,original
2870,biased-corpus,True,original
2871,biased-corpus,True,original
2872,biased-corpus,True,original
2873,biased-corpus,True,original
2874,biased-corpus,True,original
2875,biased-corpus,True,original
2876,biased-corpus,True,original
2877,biased-corpus,True,original
2878,biased-corpus,False,original
2879,biased-corpus,True,original
2880,biased-corpus,True,original
2881,biased-corpus,True,original
2882,biased-corpus,True,original
2883,biased-corpus,True,original
2884,biased-corpus,True,original
2885,biased-corpus,True,original
2886,biased-corpus,True,original
2887,biased-corpus,True,original
2888,biased-corpus,True,original
2889,biased-corpus,True,original
2890,biased-corpus,True,original
2891,biased-corpus,False,original
2892,biased-corpus,False,original
2893,biased-corpus,True,original
2894,biased-corpus,False,original
2895,biased-corpus,True,original
2896,biased-corpus,False,original
2897,biased-corpus,True,original
2898,biased-corpus,True,original
2899,biased-corpus,True,original
2900,biased-corpus,True,original
2901,biased-corpus,True,original
2902,biased-corpus,True,original
2903,biased-corpus,True,original
2904,biased-corpus,True,original
2905,biased-corpus,True,original
2906,biased-corpus,True,original
2907,biased-corpus,True,original
2908,biased-corpus,True,original
2909,biased-corpus,True,original
2910,biased-corpus,True,original
2911,biased-corpus,True,original
2912,biased-corpus,True,original
2913,biased-corpus,True,original
2914,biased-corpus,True,original
2915,biased-corpus,False,original
2916,biased-corpus,True,original
2917,biased-corpus,False,original
2918,biased-corpus,True,original
2919,biased-corpus,True,original
2920,biased-corpus,True,original
2921,biased-corpus,True,original
2922,biased-corpus,True,original
2923,biased-corpus,True,original
2924,biased-corpus,True,original
2925,biased-corpus,True,original
2926,biased-corpus,False,original
2927,biased-corpus,False,original
2928,biased-corpus,True,original
2929,biased-corpus,True,original
2930,biased-corpus,True,original
2931,biased-corpus,True,original
2932,biased-corpus,True,original
2933,biased-corpus,True,original
2934,biased-corpus,False,original
2935,biased-corpus,False,original
2936,biased-corpus,True,original
2937,biased-corpus,False,original
2938,biased-corpus,True,original
2939,biased-corpus,True,original
2940,biased-corpus,True,original
2941,biased-corpus,True,original
2942,biased-corpus,True,original
2943,biased-corpus,True,original
2944,biased-corpus,True,original
2945,biased-corpus,True,original
2946,biased-corpus,False,original
2947,biased-corpus,False,original
2948,biased-corpus,True,original
2949,biased-corpus,True,original
2950,biased-corpus,True,original
2951,biased-corpus,True,original
2952,biased-corpus,True,original
2953,biased-corpus,True,original
2954,biased-corpus,True,original
2955,biased-corpus,True,original
2956,biased-corpus,True,original
2957,biased-corpus,False,original
2958,biased-corpus,True,original
2959,biased-corpus,True,original
2960,biased-corpus,True,original
2961,biased-corpus,True,original
2962,biased-corpus,True,original
2963,biased-corpus,True,original
2964,biased-corpus,False,original
2965,biased-corpus,True,original
2966,biased-corpus,True,original
2967,biased-corpus,False,original
2968,biased-corpus,True,original
2969,biased-corpus,True,original
2970,biased-corpus,True,original
2971,biased-corpus,True,original
2972,biased-corpus,True,original
2973,biased-corpus,True,original
2974,biased-corpus,True,original
2975,biased-corpus,True,original
2976,biased-corpus,True,original
2977,biased-corpus,True,original
2978,biased-corpus,True,original
2979,biased-corpus,True,original
2980,biased-corpus,True,original
2981,biased-corpus,True,original
2982,biased-corpus,True,original
2983,biased-corpus,True,original
2984,biased-corpus,True,original
2985,biased-corpus,True,original
2986,biased-corpus,True,original
2987,biased-corpus,True,original
2988,biased-corpus,True,original
2989,biased-corpus,True,original
2990,biased-corpus,True,original
2991,biased-corpus,True,original
2992,biased-corpus,True,original
2993,biased-corpus,True,original
2994,biased-corpus,True,original
2995,biased-corpus,True,original
2996,biased-corpus,True,original
2997,biased-corpus,True,original
2998,biased-corpus,True,original
2999,biased-corpus,True,original
3000,biased-corpus,True,original
3001,biased-corpus,True,original
3002,biased-corpus,False,original
3003,biased-corpus,True,original
3004,biased-corpus,True,original
3005,biased-corpus,True,original
3006,biased-corpus,True,original
3007,biased-corpus,True,original
3008,biased-corpus,True,original
3009,biased-corpus,False,original
3010,biased-corpus,False,original
3011,biased-corpus,True,original
3012,biased-corpus,True,original
3013,biased-corpus,True,original
3014,biased-corpus,True,original
3015,biased-corpus,True,original
3016,biased-corpus,False,original
3017,biased-corpus,True,original
3018,biased-corpus,True,original
3019,biased-corpus,True,original
3020,biased-corpus,True,original
3021,biased-corpus,True,original
3022,biased-corpus,True,original
3023,biased-corpus,True,original
3024,biased-corpus,True,original
3025,biased-corpus,True,original
3026,biased-corpus,True,original
3027,biased-corpus,True,original
3028,biased-corpus,True,original
3029,biased-corpus,False,original
3030,biased-corpus,True,original
3031,biased-corpus,True,original
3032,biased-corpus,True,original
3033,biased-corpus,True,original
3034,biased-corpus,True,original
3035,biased-corpus,True,original
3036,biased-corpus,True,original
3037,biased-corpus,True,original
3038,biased-corpus,True,original
3039,biased-corpus,True,original
3040,biased-corpus,True,original
3041,biased-corpus,True,original
3042,biased-corpus,True,original
3043,biased-corpus,True,original
3044,biased-corpus,True,original
3045,biased-corpus,True,original
3046,biased-corpus,True,original
3047,biased-corpus,True,original
3048,biased-corpus,True,original
3049,biased-corpus,True,original
3050,biased-corpus,True,original
3051,biased-corpus,False,original
3052,biased-corpus,True,original
3053,biased-corpus,True,original
3054,biased-corpus,True,original
3055,biased-corpus,True,original
3056,biased-corpus,True,original
3057,biased-corpus,True,original
3058,biased-corpus,True,original
3059,biased-corpus,True,original
3060,biased-corpus,True,original
3061,biased-corpus,True,original
3062,biased-corpus,True,original
3063,biased-corpus,True,original
3064,biased-corpus,True,original
3065,biased-corpus,False,original
3066,biased-corpus,True,original
3067,biased-corpus,True,original
3068,biased-corpus,True,original
3069,biased-corpus,True,original
3070,biased-corpus,True,original
3071,biased-corpus,True,original
3072,biased-corpus,True,original
3073,biased-corpus,False,original
3074,biased-corpus,True,original
3075,biased-corpus,True,original
3076,biased-corpus,True,original
3077,biased-corpus,True,original
3078,biased-corpus,True,original
3079,biased-corpus,True,original
3080,biased-corpus,True,original
3081,biased-corpus,False,original
3082,biased-corpus,True,original
3083,biased-corpus,True,original
3084,biased-corpus,True,original
3085,biased-corpus,False,original
3086,biased-corpus,True,original
3087,biased-corpus,True,original
3088,biased-corpus,True,original
3089,biased-corpus,True,original
3090,biased-corpus,False,original
3091,biased-corpus,True,original
3092,biased-corpus,True,original
3093,biased-corpus,True,original
3094,biased-corpus,True,original
3095,biased-corpus,True,original
3096,biased-corpus,True,original
3097,biased-corpus,True,original
3098,biased-corpus,True,original
3099,biased-corpus,True,original
3100,biased-corpus,True,original
3101,biased-corpus,True,original
3102,biased-corpus,True,original
3103,biased-corpus,True,original
3104,biased-corpus,True,original
3105,biased-corpus,True,original
3106,biased-corpus,True,original
3107,biased-corpus,True,original
3108,biased-corpus,False,original
3109,biased-corpus,True,original
3110,biased-corpus,True,original
3111,biased-corpus,True,original
3112,biased-corpus,True,original
3113,biased-corpus,True,original
3114,biased-corpus,True,original
3115,biased-corpus,True,original
3116,biased-corpus,False,original
3117,biased-corpus,True,original
3118,biased-corpus,False,original
3119,biased-corpus,True,original
3120,biased-corpus,False,original
3121,biased-corpus,True,original
3122,biased-corpus,True,original
3123,biased-corpus,True,original
3124,biased-corpus,True,original
3125,biased-corpus,True,original
3126,biased-corpus,False,original
3127,biased-corpus,False,original
3128,biased-corpus,True,original
3129,biased-corpus,True,original
3130,biased-corpus,True,original
3131,biased-corpus,True,original
3132,biased-corpus,False,original
3133,biased-corpus,True,original
3134,biased-corpus,False,original
3135,biased-corpus,True,original
3136,biased-corpus,True,original
3137,biased-corpus,True,original
3138,biased-corpus,True,original
3139,biased-corpus,True,original
3140,biased-corpus,False,original
3141,biased-corpus,True,original
3142,biased-corpus,True,original
3143,biased-corpus,True,original
3144,biased-corpus,True,original
3145,biased-corpus,True,original
3146,biased-corpus,True,original
3147,biased-corpus,True,original
3148,biased-corpus,True,original
3149,biased-corpus,False,original
3150,biased-corpus,True,original
3151,biased-corpus,True,original
3152,biased-corpus,True,original
3153,biased-corpus,True,original
3154,biased-corpus,True,original
3155,biased-corpus,True,original
3156,biased-corpus,True,original
3157,biased-corpus,True,original
3158,biased-corpus,False,original
3159,biased-corpus,True,original
3160,biased-corpus,False,original
3161,biased-corpus,True,original
3162,biased-corpus,True,original
3163,biased-corpus,True,original
3164,biased-corpus,True,original
3165,biased-corpus,True,original
3166,biased-corpus,True,original
3167,biased-corpus,True,original
3168,biased-corpus,True,original
3169,biased-corpus,False,original
3170,biased-corpus,True,original
3171,biased-corpus,True,original
3172,biased-corpus,True,original
3173,biased-corpus,True,original
3174,biased-corpus,True,original
3175,biased-corpus,True,original
3176,biased-corpus,True,original
3177,biased-corpus,True,original
3178,biased-corpus,True,original
3179,biased-corpus,True,original
3180,biased-corpus,False,original
3181,biased-corpus,True,original
3182,biased-corpus,True,original
3183,biased-corpus,True,original
3184,biased-corpus,True,original
3185,biased-corpus,False,original
3186,biased-corpus,True,original
3187,biased-corpus,True,original
3188,biased-corpus,True,original
3189,biased-corpus,False,original
3190,biased-corpus,True,original
3191,biased-corpus,False,original
3192,biased-corpus,True,original
3193,biased-corpus,True,original
3194,biased-corpus,True,original
3195,biased-corpus,False,original
3196,biased-corpus,True,original
3197,biased-corpus,True,original
3198,biased-corpus,False,original
3199,biased-corpus,True,original
3200,biased-corpus,True,original
3201,biased-corpus,False,original
3202,biased-corpus,True,original
3203,biased-corpus,True,original
3204,biased-corpus,True,original
3205,biased-corpus,True,original
3206,biased-corpus,True,original
3207,biased-corpus,True,original
3208,biased-corpus,True,original
3209,biased-corpus,True,original
3210,biased-corpus,False,original
3211,biased-corpus,False,original
3212,biased-corpus,True,original
3213,biased-corpus,True,original
3214,biased-corpus,True,original
3215,biased-corpus,True,original
3216,biased-corpus,True,original
3217,biased-corpus,True,original
3218,biased-corpus,True,original
3219,biased-corpus,True,original
3220,biased-corpus,False,original
3221,biased-corpus,True,original
3222,biased-corpus,True,original
3223,biased-corpus,True,original
3224,biased-corpus,True,original
3225,biased-corpus,False,original
3226,biased-corpus,True,original
3227,biased-corpus,True,original
3228,biased-corpus,False,original
3229,biased-corpus,True,original
3230,biased-corpus,True,original
3231,biased-corpus,True,original
3232,biased-corpus,True,original
3233,biased-corpus,True,original
3234,biased-corpus,True,original
3235,biased-corpus,False,original
3236,gemini,False,original
3237,gemini,True,counterfactual
3238,gemini,True,original
3239,gemini,False,counterfactual
3240,gemini,False,original
3241,gemini,True,counterfactual
3242,gemini,True,original
3243,gemini,False,counterfactual
3244,gemini,True,original
3245,gemini,False,counterfactual
3246,gemini,False,original
3247,gemini,True,counterfactual
3248,gemini,False,original
3249,gemini,True,counterfactual
3250,gemini,True,original
3251,gemini,False,counterfactual
3252,gemini,True,original
3253,gemini,False,counterfactual
3254,gemini,False,original
3255,gemini,True,counterfactual
3256,gemini,False,original
3257,gemini,True,counterfactual
3258,gemini,False,original
3259,gemini,True,counterfactual
3260,gemini,False,original
3261,gemini,True,counterfactual
3262,gemini,False,original
3263,gemini,True,counterfactual
3264,gemini,False,original
3265,gemini,True,counterfactual
3266,gemini,False,original
3267,gemini,True,counterfactual
3268,gemini,False,original
3269,gemini,True,counterfactual
3270,gemini,False,original
3271,gemini,True,counterfactual
3272,gemini,False,original
3273,gemini,True,counterfactual
3274,gemini,False,original
3275,gemini,True,counterfactual
3276,gemini,False,original
3277,gemini,True,counterfactual
3278,gemini,False,original
3279,gemini,True,counterfactual
3280,gemini,False,original
3281,gemini,True,counterfactual
3282,gemini,False,original
3283,gemini,True,counterfactual
3284,gemini,True,original
3285,gemini,False,counterfactual
3286,gemini,False,original
3287,gemini,True,counterfactual
3288,gemini,False,original
3289,gemini,True,counterfactual
3290,gemini,False,original
3291,gemini,True,counterfactual
3292,gemini,True,original
3293,gemini,False,counterfactual
3294,gemini,False,original
3295,gemini,True,counterfactual
3296,gemini,False,original
3297,gemini,True,counterfactual
3298,gemini,False,original
3299,gemini,False,original
3300,gemini,True,counterfactual
3301,gemini,False,original
3302,gemini,True,counterfactual
3303,gemini,False,original
3304,gemini,True,counterfactual
3305,gemini,False,original
3306,gemini,True,counterfactual
3307,gemini,False,original
3308,gemini,True,counterfactual
3309,gemini,False,original
3310,gemini,True,counterfactual
3311,gemini,False,original
3312,gemini,True,counterfactual
3313,gemini,False,original
3314,gemini,True,counterfactual
3315,gemini,False,original
3316,gemini,True,counterfactual
3317,gemini,False,original
3318,gemini,True,counterfactual
3319,gemini,False,original
3320,gemini,True,counterfactual
3321,gemini,False,original
3322,gemini,True,counterfactual
3323,gemini,True,original
3324,gemini,False,counterfactual
3325,gemini,False,original
3326,gemini,True,counterfactual
3327,gemini,True,original
3328,gemini,False,counterfactual
3329,gemini,False,original
3330,gemini,True,counterfactual
3331,gemini,False,original
3332,gemini,True,counterfactual
3333,gemini,False,original
3334,gemini,True,counterfactual
3335,gemini,False,original
3336,gemini,True,counterfactual
3337,gemini,False,original
3338,gemini,True,counterfactual
3339,gemini,False,original
3340,gemini,True,counterfactual
3341,gemini,False,original
3342,gemini,True,counterfactual
3343,gemini,False,original
3344,gemini,True,counterfactual
3345,gemini,False,original
3346,gemini,True,counterfactual
3347,gemini,False,original
3348,gemini,True,counterfactual
3349,gemini,False,original
3350,gemini,True,counterfactual
3351,gemini,True,original
3352,gemini,False,counterfactual
3353,gemini,False,original
3354,gemini,True,counterfactual
3355,gemini,False,original
3356,gemini,True,counterfactual
3357,gemini,False,original
3358,gemini,True,counterfactual
3359,gemini,False,original
3360,gemini,True,counterfactual
3361,gemini,False,original
3362,gemini,True,counterfactual
3363,gemini,False,original
3364,gemini,True,counterfactual
3365,gemini,False,original
3366,gemini,True,counterfactual
3367,gemini,False,original
3368,gemini,True,counterfactual
3369,gemini,False,original
3370,gemini,True,counterfactual
3371,gemini,False,original
3372,gemini,True,counterfactual
3373,gemini,False,original
3374,gemini,True,counterfactual
3375,gemini,False,original
3376,gemini,True,counterfactual
3377,gemini,False,original
3378,gemini,True,counterfactual
3379,gemini,False,original
3380,gemini,True,counterfactual
3381,gemini,False,original
3382,gemini,True,counterfactual
3383,gemini,False,original
3384,gemini,True,counterfactual
3385,gemini,False,original
3386,gemini,True,counterfactual
3387,gemini,True,original
3388,gemini,False,counterfactual
3389,gemini,False,original
3390,gemini,True,counterfactual
3391,gemini,False,original
3392,gemini,True,counterfactual
3393,gemini,False,original
3394,gemini,True,counterfactual
3395,gemini,False,original
3396,gemini,True,counterfactual
3397,gemini,False,original
3398,gemini,True,counterfactual
3399,gemini,False,original
3400,gemini,True,counterfactual
3401,gemini,False,original
3402,gemini,True,counterfactual
3403,gemini,False,original
3404,gemini,True,counterfactual
3405,gemini,True,original
3406,gemini,False,counterfactual
3407,gemini,False,original
3408,gemini,True,counterfactual
3409,gemini,False,original
3410,gemini,True,counterfactual
3411,gemini,False,original
3412,gemini,True,counterfactual
3413,gemini,False,original
3414,gemini,True,counterfactual
3415,gemini,False,original
3416,gemini,True,counterfactual
3417,gemini,False,original
3418,gemini,True,counterfactual
3419,gemini,False,original
3420,gemini,True,counterfactual
3421,gemini,False,original
3422,gemini,True,counterfactual
3423,gemini,False,original
3424,gemini,True,counterfactual
3425,gemini,True,original
3426,gemini,False,counterfactual
3427,gemini,False,original
3428,gemini,True,counterfactual
3429,gemini,False,original
3430,gemini,True,counterfactual
3431,gemini,False,original
3432,gemini,True,counterfactual
3433,gemini,False,original
3434,gemini,True,counterfactual
3435,gemini,False,original
3436,gemini,True,counterfactual
3437,gemini,False,original
3438,gemini,True,counterfactual
3439,gemini,False,original
3440,gemini,True,counterfactual
3441,gemini,False,original
3442,gemini,True,counterfactual
3443,gemini,False,original
3444,gemini,True,counterfactual
3445,gemini,False,original
3446,gemini,True,counterfactual
3447,gemini,False,original
3448,gemini,True,counterfactual
3449,gemini,False,original
3450,gemini,True,counterfactual
3451,gemini,False,original
3452,gemini,True,counterfactual
3453,gemini,False,original
3454,gemini,True,counterfactual
3455,gemini,True,original
3456,gemini,False,counterfactual
3457,gemini,False,original
3458,gemini,True,counterfactual
3459,gemini,False,original
3460,gemini,True,counterfactual
3461,gemini,False,original
3462,gemini,True,counterfactual
3463,gemini,False,original
3464,gemini,True,counterfactual
3465,gemini,False,original
3466,gemini,True,counterfactual
3467,gemini,False,original
3468,gemini,True,counterfactual
3469,gemini,False,original
3470,gemini,True,counterfactual
3471,gemini,False,original
3472,gemini,True,counterfactual
3473,gemini,False,original
3474,gemini,True,counterfactual
3475,gemini,False,original
3476,gemini,True,counterfactual
3477,gemini,False,original
3478,gemini,False,original
3479,gemini,True,counterfactual
3480,gemini,False,original
3481,gemini,True,counterfactual
3482,gemini,False,original
3483,gemini,True,counterfactual
3484,gemini,False,original
3485,gemini,False,original
3486,gemini,True,counterfactual
3487,gemini,False,original
3488,gemini,True,counterfactual
3489,gemini,False,original
3490,gemini,True,counterfactual
3491,gemini,False,original
3492,gemini,False,original
3493,gemini,True,counterfactual
3494,gemini,False,original
3495,gemini,True,counterfactual
3496,gemini,False,original
3497,gemini,True,counterfactual
3498,gemini,True,original
3499,gemini,False,counterfactual
3500,gemini,False,original
3501,gemini,True,counterfactual
3502,gemini,True,original
3503,gemini,False,counterfactual
3504,gemini,False,original
3505,gemini,True,counterfactual
3506,gemini,False,original
3507,gemini,True,counterfactual
3508,gemini,False,original
3509,gemini,True,counterfactual
3510,gemini,False,original
3511,gemini,True,counterfactual
3512,gemini,False,original
3513,gemini,True,counterfactual
3514,gemini,False,original
3515,gemini,True,counterfactual
3516,gemini,False,original
3517,gemini,True,counterfactual
3518,gemini,False,original
3519,gemini,True,counterfactual
3520,gemini,False,original
3521,gemini,True,counterfactual
3522,gemini,False,original
3523,gemini,True,counterfactual
3524,gemini,False,original
3525,gemini,True,counterfactual
3526,gemini,False,original
3527,gemini,True,counterfactual
3528,gemini,False,original
3529,gemini,True,counterfactual
3530,gemini,False,original
3531,gemini,True,counterfactual
3532,gemini,False,original
3533,gemini,True,counterfactual
3534,gemini,False,original
3535,gemini,True,counterfactual
3536,gemini,False,original
3537,gemini,True,counterfactual
3538,gemini,False,original
3539,gemini,True,counterfactual
3540,gemini,True,original
3541,gemini,False,counterfactual
3542,gemini,False,original
3543,gemini,True,counterfactual
3544,gemini,False,original
3545,gemini,True,counterfactual
3546,gemini,False,original
3547,gemini,True,counterfactual
3548,gemini,False,original
3549,gemini,True,counterfactual
3550,gemini,False,original
3551,gemini,True,counterfactual
3552,gemini,False,original
3553,gemini,True,counterfactual
3554,gemini,True,original
3555,gemini,False,counterfactual
3556,gemini,True,original
3557,gemini,False,counterfactual
3558,gemini,False,original
3559,gemini,True,counterfactual
3560,gemini,False,original
3561,gemini,True,counterfactual
3562,gemini,False,original
3563,gemini,True,counterfactual
3564,gemini,False,original
3565,gemini,True,counterfactual
3566,gemini,False,original
3567,gemini,False,original
3568,gemini,False,original
3569,gemini,True,counterfactual
3570,gemini,False,original
3571,gemini,True,counterfactual
3572,gemini,False,original
3573,gemini,False,original
3574,gemini,True,counterfactual
3575,gemini,True,original
3576,gemini,False,counterfactual
3577,gemini,False,original
3578,gemini,True,counterfactual
3579,gemini,False,original
3580,gemini,True,counterfactual
3581,gemini,False,original
3582,gemini,True,counterfactual
3583,gemini,False,original
3584,gemini,True,counterfactual
3585,gemini,False,original
3586,gemini,True,counterfactual
3587,gemini,False,original
3588,gemini,True,counterfactual
3589,gemini,False,original
3590,gemini,True,counterfactual
3591,gemini,False,original
3592,gemini,True,counterfactual
3593,gemini,False,original
3594,gemini,True,counterfactual
3595,gemini,False,original
3596,gemini,True,counterfactual
3597,gemini,False,original
3598,gemini,True,counterfactual
3599,gemini,False,original
3600,gemini,True,counterfactual
3601,gemini,False,original
3602,gemini,True,counterfactual
3603,gemini,False,original
3604,gemini,True,counterfactual
3605,gemini,False,original
3606,gemini,True,counterfactual
3607,gemini,False,original
3608,gemini,True,counterfactual
3609,gemini,False,original
3610,gemini,True,counterfactual
3611,gemini,False,original
3612,gemini,True,counterfactual
3613,gemini,True,original
3614,gemini,False,counterfactual
3615,gemini,True,original
3616,gemini,False,counterfactual
3617,gemini,False,original
3618,gemini,True,counterfactual
3619,gemini,False,original
3620,gemini,True,counterfactual
3621,gemini,False,original
3622,gemini,True,counterfactual
3623,gemini,False,original
3624,gemini,True,counterfactual
3625,gemini,True,original
3626,gemini,False,counterfactual
3627,gemini,False,original
3628,gemini,True,counterfactual
3629,gemini,True,original
3630,gemini,False,counterfactual
3631,gemini,False,original
3632,gemini,True,counterfactual
3633,gemini,True,original
3634,gemini,False,counterfactual
3635,gemini,False,original
3636,gemini,True,counterfactual
3637,gemini,False,original
3638,gemini,True,counterfactual
3639,gemini,False,original
3640,gemini,True,counterfactual
3641,gemini,False,original
3642,gemini,True,counterfactual
3643,gemini,False,original
3644,gemini,True,counterfactual
3645,gemini,False,original
3646,gemini,True,counterfactual
3647,gemini,True,original
3648,gemini,False,counterfactual
3649,gemini,False,original
3650,gemini,True,counterfactual
3651,gemini,False,original
3652,gemini,True,counterfactual
3653,gemini,False,original
3654,gemini,True,counterfactual
3655,gemini,False,original
3656,gemini,True,counterfactual
3657,gemini,False,original
3658,gemini,True,counterfactual
3659,gemini,False,original
3660,gemini,False,original
3661,gemini,True,counterfactual
3662,gemini,False,original
3663,gemini,True,counterfactual
3664,gemini,False,original
3665,gemini,True,counterfactual
3666,gemini,False,original
3667,gemini,False,original
3668,gemini,True,counterfactual
3669,gemini,False,original
3670,gemini,True,counterfactual
3671,gemini,False,original
3672,gemini,True,counterfactual
3673,gemini,False,original
3674,gemini,False,original
3675,gemini,True,counterfactual
3676,gemini,False,original
3677,gemini,True,counterfactual
3678,gemini,False,original
3679,gemini,True,counterfactual
3680,gemini,False,original
3681,gemini,True,counterfactual
3682,gemini,False,original
3683,gemini,True,counterfactual
3684,gemini,False,original
3685,gemini,True,counterfactual
3686,gemini,False,original
3687,gemini,False,original
3688,gemini,False,original
3689,gemini,True,counterfactual
3690,gemini,False,original
3691,gemini,True,counterfactual
3692,gemini,True,original
3693,gemini,False,counterfactual
3694,gemini,True,original
3695,gemini,False,counterfactual
3696,gemini,False,original
3697,gemini,True,counterfactual
3698,gemini,False,original
3699,gemini,True,counterfactual
3700,gemini,False,original
3701,gemini,True,counterfactual
3702,gemini,False,original
3703,gemini,True,counterfactual
3704,gemini,False,original
3705,gemini,True,counterfactual
3706,gemini,False,original
3707,gemini,True,counterfactual
3708,gemini,False,original
3709,gemini,True,counterfactual
3710,gemini,False,original
3711,gemini,True,counterfactual
3712,gemini,True,original
3713,gemini,False,counterfactual
3714,gemini,True,original
3715,gemini,False,counterfactual
3716,gemini,False,original
3717,gemini,True,counterfactual
3718,gemini,False,original
3719,gemini,True,counterfactual
3720,gemini,False,original
3721,gemini,True,counterfactual
3722,gemini,False,original
3723,gemini,True,counterfactual
3724,gemini,False,original
3725,gemini,True,counterfactual
3726,gemini,True,original
3727,gemini,False,counterfactual
3728,gemini,True,original
3729,gemini,False,counterfactual
3730,gemini,True,original
3731,gemini,False,counterfactual
3732,gemini,False,original
3733,gemini,True,counterfactual
3734,gemini,False,original
3735,gemini,True,counterfactual
3736,gemini,False,original
3737,gemini,True,counterfactual
3738,gemini,False,original
3739,gemini,True,counterfactual
3740,gemini,False,original
3741,gemini,True,counterfactual
3742,gemini,False,original
3743,gemini,True,counterfactual
3744,gemini,False,original
3745,gemini,True,counterfactual
3746,gemini,False,original
3747,gemini,True,counterfactual
3748,gemini,False,original
3749,gemini,True,counterfactual
3750,gemini,False,original
3751,gemini,True,counterfactual
3752,gemini,False,original
3753,gemini,True,counterfactual
3754,gemini,False,original
3755,gemini,True,counterfactual
3756,gemini,False,original
3757,gemini,True,counterfactual
3758,gemini,False,original
3759,gemini,True,counterfactual
3760,gemini,False,original
3761,gemini,True,counterfactual
3762,gemini,False,original
3763,gemini,True,counterfactual
3764,gemini,False,original
3765,gemini,True,counterfactual
3766,gemini,False,original
3767,gemini,True,counterfactual
3768,gemini,False,original
3769,gemini,True,counterfactual
3770,gemini,False,original
3771,gemini,True,counterfactual
3772,gemini,True,original
3773,gemini,False,counterfactual
3774,gemini,False,original
3775,gemini,True,counterfactual
3776,gemini,False,original
3777,gemini,True,counterfactual
3778,gemini,False,original
3779,gemini,True,counterfactual
3780,gemini,False,original
3781,gemini,True,counterfactual
3782,gemini,False,original
3783,gemini,True,counterfactual
3784,gemini,False,original
3785,gemini,True,counterfactual
3786,gemini,True,original
3787,gemini,False,counterfactual
3788,gemini,False,original
3789,gemini,True,counterfactual
3790,gemini,False,original
3791,gemini,True,counterfactual
3792,gemini,False,original
3793,gemini,True,counterfactual
3794,gemini,False,original
3795,gemini,True,counterfactual
3796,gemini,False,original
3797,gemini,True,counterfactual
3798,gemini,False,original
3799,gemini,True,counterfactual
3800,gemini,False,original
3801,gemini,True,counterfactual
3802,gemini,False,original
3803,gemini,True,counterfactual
3804,gemini,False,original
3805,gemini,True,counterfactual
3806,gemini,False,original
3807,gemini,True,counterfactual
3808,gemini,False,original
3809,gemini,True,counterfactual
3810,gemini,False,original
3811,gemini,True,counterfactual
3812,gemini,False,original
3813,gemini,True,counterfactual
3814,gemini,False,original
3815,gemini,True,counterfactual
3816,gemini,False,original
3817,gemini,True,counterfactual
3818,gemini,False,original
3819,gemini,True,counterfactual
3820,gemini,False,original
3821,gemini,True,counterfactual
3822,gemini,False,original
3823,gemini,True,counterfactual
3824,gemini,True,original
3825,gemini,False,counterfactual
3826,gemini,False,original
3827,gemini,True,counterfactual
3828,gemini,False,original
3829,gemini,True,counterfactual
3830,gemini,False,original
3831,gemini,True,counterfactual
3832,gemini,False,original
3833,gemini,True,counterfactual
3834,gemini,False,original
3835,gemini,True,counterfactual
3836,gemini,False,original
3837,gemini,True,counterfactual
3838,gemini,False,original
3839,gemini,True,counterfactual
3840,gemini,False,original
3841,gemini,True,counterfactual
3842,gemini,False,original
3843,gemini,False,original
3844,gemini,True,counterfactual
3845,gemini,False,original
3846,gemini,True,counterfactual
3847,gemini,True,original
3848,gemini,False,counterfactual
3849,gemini,False,original
3850,gemini,True,counterfactual
3851,gemini,False,original
3852,gemini,True,counterfactual
3853,gemini,True,original
3854,gemini,False,counterfactual
3855,gemini,False,original
3856,gemini,True,counterfactual
3857,gemini,False,original
3858,gemini,True,counterfactual
3859,gemini,False,original
3860,gemini,True,counterfactual
3861,gemini,False,original
3862,gemini,True,counterfactual
3863,gemini,False,original
3864,gemini,True,counterfactual
3865,gemini,True,original
3866,gemini,False,counterfactual
3867,gemini,True,original
3868,gemini,False,counterfactual
3869,gemini,False,original
3870,gemini,True,counterfactual
3871,gemini,False,original
3872,gemini,True,counterfactual
3873,gemini,False,original
3874,gemini,True,counterfactual
3875,gemini,False,original
3876,gemini,True,counterfactual
3877,gemini,False,original
3878,gemini,True,counterfactual
3879,gemini,False,original
3880,gemini,True,counterfactual
3881,gemini,False,original
3882,gemini,True,counterfactual
3883,gemini,False,original
3884,gemini,True,counterfactual
3885,gemini,False,original
3886,gemini,True,counterfactual
3887,gemini,False,original
3888,gemini,True,counterfactual
3889,gemini,False,original
3890,gemini,True,counterfactual
3891,gemini,False,original
3892,gemini,True,counterfactual
3893,gemini,False,original
3894,gemini,True,counterfactual
3895,gemini,False,original
3896,gemini,True,counterfactual
3897,gemini,False,original
3898,gemini,True,counterfactual
3899,gemini,False,original
3900,gemini,True,counterfactual
3901,gemini,False,original
3902,gemini,True,counterfactual
3903,gemini,False,original
3904,gemini,True,counterfactual
3905,gemini,False,original
3906,gemini,True,counterfactual
3907,gemini,False,original
3908,gemini,True,counterfactual
3909,gemini,False,original
3910,gemini,True,counterfactual
3911,gemini,False,original
3912,gemini,True,counterfactual
3913,gemini,False,original
3914,gemini,True,counterfactual
3915,gemini,False,original
3916,gemini,True,counterfactual
3917,gemini,False,original
3918,gemini,True,counterfactual
3919,gemini,False,original
3920,gemini,True,counterfactual
3921,gemini,True,original
3922,gemini,False,counterfactual
3923,gemini,False,original
3924,gemini,True,counterfactual
3925,gemini,False,original
3926,gemini,True,counterfactual
3927,gemini,False,original
3928,gemini,True,counterfactual
3929,gemini,False,original
3930,gemini,True,counterfactual
3931,gemini,False,original
3932,gemini,True,counterfactual
3933,gemini,False,original
3934,gemini,True,counterfactual
3935,gemini,False,original
3936,gemini,True,counterfactual
3937,gemini,False,original
3938,gemini,True,counterfactual
3939,gemini,False,original
3940,gemini,True,counterfactual
3941,gemini,False,original
3942,gemini,True,counterfactual
3943,gemini,False,original
3944,gemini,True,counterfactual
3945,gemini,False,original
3946,gemini,True,counterfactual
3947,gemini,True,original
3948,gemini,False,counterfactual
3949,gemini,True,original
3950,gemini,False,counterfactual
3951,gemini,False,original
3952,gemini,False,original
3953,gemini,True,counterfactual
3954,gemini,False,original
3955,gemini,True,counterfactual
3956,gemini,True,original
3957,gemini,False,counterfactual
3958,gemini,True,original
3959,gemini,False,counterfactual
3960,gemini,True,original
3961,gemini,False,counterfactual
3962,gemini,False,original
3963,gemini,True,counterfactual
3964,gemini,False,original
3965,gemini,True,counterfactual
3966,gemini,False,original
3967,gemini,True,counterfactual
3968,gemini,False,original
3969,gemini,True,counterfactual
3970,gemini,False,original
3971,gemini,True,counterfactual
3972,gemini,False,original
3973,gemini,True,counterfactual
3974,gemini,False,original
3975,gemini,True,counterfactual
3976,gemini,False,original
3977,gemini,True,counterfactual
3978,gemini,False,original
3979,gemini,True,counterfactual
3980,gemini,False,original
3981,gemini,True,counterfactual
3982,gemini,True,original
3983,gemini,False,counterfactual
3984,gemini,False,original
3985,gemini,False,original
3986,gemini,True,counterfactual
3987,gemini,False,original
3988,gemini,True,counterfactual
3989,gemini,True,original
3990,gemini,False,counterfactual
3991,gemini,False,original
3992,gemini,True,counterfactual
3993,gemini,False,original
3994,gemini,True,counterfactual
3995,gemini,False,original
3996,gemini,True,counterfactual
3997,gemini,False,original
3998,gemini,True,counterfactual
3999,gemini,False,original
4000,gemini,True,counterfactual
4001,gemini,False,original
4002,gemini,True,counterfactual
4003,gemini,True,original
4004,gemini,False,counterfactual
4005,gemini,True,original
4006,gemini,False,counterfactual
4007,gemini,False,original
4008,gemini,True,counterfactual
4009,gemini,False,original
4010,gemini,False,original
4011,gemini,True,counterfactual
4012,gemini,True,original
4013,gemini,False,counterfactual
4014,gemini,False,original
4015,gemini,True,counterfactual
4016,gemini,False,original
4017,gemini,True,counterfactual
4018,gemini,False,original
4019,gemini,True,counterfactual
4020,gemini,False,original
4021,gemini,True,counterfactual
4022,gemini,False,original
4023,gemini,True,counterfactual
4024,gemini,False,original
4025,gemini,True,counterfactual
4026,gemini,False,original
4027,gemini,True,counterfactual
4028,gemini,False,original
4029,gemini,True,counterfactual
4030,gemini,False,original
4031,gemini,True,counterfactual
4032,gemini,True,original
4033,gemini,False,counterfactual
4034,gemini,True,original
4035,gemini,False,counterfactual
4036,gemini,False,original
4037,gemini,True,counterfactual
4038,gemini,False,original
4039,gemini,True,counterfactual
4040,gemini,False,original
4041,gemini,True,counterfactual
4042,gemini,False,original
4043,gemini,True,counterfactual
4044,gemini,False,original
4045,gemini,True,counterfactual
4046,gemini,False,original
4047,gemini,True,counterfactual
4048,gemini,False,original
4049,gemini,True,counterfactual
4050,gemini,False,original
4051,gemini,True,counterfactual
4052,gemini,False,original
4053,gemini,True,counterfactual
4054,gemini,False,original
4055,gemini,True,counterfactual
4056,gemini,False,original
4057,gemini,True,counterfactual
4058,gemini,False,original
4059,gemini,True,counterfactual
4060,gemini,False,original
4061,gemini,True,counterfactual
4062,gemini,False,original
4063,gemini,False,original
4064,gemini,True,counterfactual
4065,gemini,False,original
4066,gemini,True,counterfactual
4067,gemini,False,original
4068,gemini,True,counterfactual
4069,gemini,False,original
4070,gemini,False,original
4071,gemini,True,original
4072,gemini,False,counterfactual
4073,gemini,False,original
4074,gemini,True,counterfactual
4075,gemini,True,original
4076,gemini,False,counterfactual
4077,gemini,False,original
4078,gemini,True,counterfactual
4079,gemini,False,original
4080,gemini,True,counterfactual
4081,gemini,False,original
4082,gemini,True,counterfactual
4083,gemini,False,original
4084,gemini,True,counterfactual
4085,gemini,False,original
4086,gemini,False,original
4087,gemini,True,counterfactual
4088,gemini,False,original
4089,gemini,True,counterfactual
4090,gemini,False,original
4091,gemini,True,original
4092,gemini,False,counterfactual
4093,gemini,False,original
4094,gemini,True,counterfactual
4095,gemini,False,original
4096,gemini,True,counterfactual
4097,gemini,False,original
4098,gemini,True,counterfactual
4099,gemini,False,original
4100,gemini,True,counterfactual
4101,gemini,False,original
4102,gemini,True,counterfactual
4103,gemini,False,original
4104,gemini,True,counterfactual
4105,gemini,False,original
4106,gemini,True,counterfactual
4107,gemini,False,original
4108,gemini,True,counterfactual
4109,gemini,False,original
4110,gemini,True,counterfactual
4111,gemini,False,original
4112,gemini,True,counterfactual
4113,gemini,False,original
4114,gemini,True,counterfactual
4115,gemini,False,original
4116,gemini,True,counterfactual
4117,gemini,False,original
4118,gemini,True,counterfactual
4119,gemini,False,original
4120,gemini,False,original
4121,gemini,True,counterfactual
4122,gemini,False,original
4123,gemini,True,counterfactual
4124,gemini,False,original
4125,gemini,True,counterfactual
4126,gemini,False,original
4127,gemini,True,counterfactual
4128,gemini,False,original
4129,gemini,True,counterfactual
4130,gemini,False,original
4131,gemini,True,counterfactual
4132,gemini,False,original
4133,gemini,True,counterfactual
4134,gemini,False,original
4135,gemini,True,counterfactual
4136,gemini,False,original
4137,gemini,True,counterfactual
4138,gemini,False,original
4139,gemini,True,counterfactual
4140,gemini,False,original
4141,gemini,True,counterfactual
4142,gemini,False,original
4143,gemini,True,counterfactual
4144,gemini,False,original
4145,gemini,False,original
4146,gemini,False,original
4147,gemini,True,original
4148,gemini,False,counterfactual
4149,gemini,False,original
4150,gemini,True,counterfactual
4151,gemini,False,original
4152,gemini,True,counterfactual
4153,gemini,False,original
4154,gemini,True,counterfactual
4155,gemini,False,original
4156,gemini,True,counterfactual
4157,gemini,False,original
4158,gemini,True,counterfactual
4159,gemini,False,original
4160,gemini,True,counterfactual
4161,gemini,False,original
4162,gemini,True,counterfactual
4163,gemini,False,original
4164,gemini,True,counterfactual
4165,gemini,False,original
4166,gemini,True,counterfactual
4167,gemini,False,original
4168,gemini,True,counterfactual
4169,gemini,True,original
4170,gemini,False,counterfactual
4171,gemini,True,original
4172,gemini,False,counterfactual
4173,gemini,True,original
4174,gemini,False,counterfactual
4175,gemini,False,original
4176,gemini,True,counterfactual
4177,gemini,False,original
4178,gemini,True,counterfactual
4179,gemini,False,original
4180,gemini,True,counterfactual
4181,gemini,False,original
4182,gemini,True,counterfactual
4183,gemini,False,original
4184,gemini,True,counterfactual
4185,gemini,False,original
4186,gemini,True,counterfactual
4187,gemini,False,original
4188,gemini,True,counterfactual
4189,gemini,False,original
4190,gemini,True,counterfactual
4191,gemini,False,original
4192,gemini,True,counterfactual
4193,gemini,False,original
4194,gemini,True,counterfactual
4195,gemini,False,original
4196,gemini,True,counterfactual
4197,gemini,False,original
4198,gemini,True,counterfactual
4199,gemini,False,original
4200,gemini,True,counterfactual
4201,gemini,False,original
4202,gemini,True,counterfactual
4203,gemini,True,original
4204,gemini,False,counterfactual
4205,gemini,True,original
4206,gemini,False,counterfactual
4207,gemini,False,original
4208,gemini,True,counterfactual
4209,gemini,False,original
4210,gemini,True,counterfactual
4211,gemini,False,original
4212,gemini,True,counterfactual
4213,gemini,True,original
4214,gemini,False,counterfactual
4215,gemini,False,original
4216,gemini,True,counterfactual
4217,gemini,False,original
4218,gemini,True,counterfactual
4219,gemini,True,original
4220,gemini,False,counterfactual
4221,gemini,False,original
4222,gemini,True,counterfactual
4223,gemini,False,original
4224,gemini,True,counterfactual
4225,gemini,False,original
4226,gemini,True,counterfactual
4227,gemini,False,original
4228,gemini,True,counterfactual
4229,gemini,False,original
4230,gemini,True,counterfactual
4231,gemini,False,original
4232,gemini,True,counterfactual
4233,gemini,False,original
4234,gemini,True,counterfactual
4235,gemini,False,original
4236,gemini,True,counterfactual
4237,gemini,False,original
4238,gemini,True,counterfactual
4239,gemini,False,original
4240,gemini,True,counterfactual
4241,gemini,False,original
4242,gemini,True,counterfactual
4243,gemini,False,original
4244,gemini,True,counterfactual
4245,gemini,False,original
4246,gemini,True,counterfactual
4247,gemini,False,original
4248,gemini,True,counterfactual
4249,gemini,False,original
4250,gemini,True,counterfactual
4251,gemini,False,original
4252,gemini,True,counterfactual
4253,gemini,False,original
4254,gemini,True,counterfactual
4255,gemini,False,original
4256,gemini,True,counterfactual
4257,gemini,False,original
4258,gemini,True,counterfactual
4259,gemini,False,original
4260,gemini,True,counterfactual
4261,gemini,False,original
4262,gemini,True,counterfactual
4263,gemini,False,original
4264,gemini,True,counterfactual
4265,gemini,False,original
4266,gemini,True,counterfactual
4267,gemini,False,original
4268,gemini,True,counterfactual
4269,gemini,False,original
4270,gemini,True,counterfactual
4271,gemini,False,original
4272,gemini,True,counterfactual
4273,gemini,False,original
4274,gemini,True,counterfactual
4275,gemini,False,original
4276,gemini,True,counterfactual
4277,gemini,False,original
4278,gemini,True,counterfactual
4279,gemini,False,original
4280,gemini,True,counterfactual
4281,gemini,False,original
4282,gemini,True,counterfactual
4283,gemini,False,original
4284,gemini,True,counterfactual
4285,gemini,False,original
4286,gemini,True,counterfactual
4287,gemini,False,original
4288,gemini,True,counterfactual
4289,gemini,False,original
4290,gemini,True,counterfactual
4291,gemini,False,original
4292,gemini,True,counterfactual
4293,gemini,False,original
4294,gemini,True,counterfactual
4295,gemini,False,original
4296,gemini,True,counterfactual
4297,gemini,False,original
4298,gemini,True,counterfactual
4299,gemini,False,original
4300,gemini,True,counterfactual
4301,gemini,False,original
4302,gemini,True,counterfactual
4303,gemini,False,original
4304,gemini,True,counterfactual
4305,gemini,False,original
4306,gemini,True,counterfactual
4307,gemini,False,original
4308,gemini,True,counterfactual
4309,gemini,False,original
4310,gemini,True,counterfactual
4311,gemini,False,original
4312,gemini,True,counterfactual
4313,gemini,True,original
4314,gemini,False,counterfactual
4315,gemini,True,original
4316,gemini,False,counterfactual
4317,gemini,False,original
4318,gemini,True,counterfactual
4319,gemini,False,original
4320,gemini,True,counterfactual
4321,gemini,False,original
4322,gemini,True,counterfactual
4323,gemini,False,original
4324,gemini,True,counterfactual
4325,gemini,False,original
4326,gemini,True,counterfactual
4327,gemini,False,original
4328,gemini,True,counterfactual
4329,gemini,False,original
4330,gemini,True,counterfactual
4331,gemini,False,original
4332,gemini,True,counterfactual
4333,gemini,False,original
4334,gemini,True,counterfactual
4335,gemini,False,original
4336,gemini,True,counterfactual
4337,gemini,False,original
4338,gemini,True,counterfactual
4339,gemini,False,original
4340,gemini,True,counterfactual
4341,gemini,False,original
4342,gemini,True,counterfactual
4343,gemini,False,original
4344,gemini,True,counterfactual
4345,gemini,False,original
4346,gemini,True,counterfactual
4347,gemini,False,original
4348,gemini,True,counterfactual
4349,gemini,False,original
4350,gemini,True,counterfactual
4351,gemini,False,original
4352,gemini,True,counterfactual
4353,gemini,True,original
4354,gemini,False,counterfactual
4355,gemini,False,original
4356,gemini,True,counterfactual
4357,gemini,False,original
4358,gemini,True,counterfactual
4359,gemini,True,original
4360,gemini,False,counterfactual
4361,gemini,False,original
4362,gemini,True,counterfactual
4363,gemini,False,original
4364,gemini,True,counterfactual
4365,gemini,False,original
4366,gemini,True,counterfactual
4367,gemini,False,original
4368,gemini,True,counterfactual
4369,gemini,False,original
4370,gemini,True,counterfactual
4371,gemini,False,original
4372,gemini,True,counterfactual
4373,gemini,False,original
4374,gemini,True,counterfactual
4375,gemini,False,original
4376,gemini,True,counterfactual
4377,gemini,False,original
4378,gemini,True,counterfactual
4379,gemini,False,original
4380,gemini,True,counterfactual
4381,gemini,False,original
4382,gemini,True,counterfactual
4383,gemini,False,original
4384,gemini,True,counterfactual
4385,gemini,False,original
4386,gemini,True,counterfactual
4387,gemini,False,original
4388,gemini,True,counterfactual
4389,gemini,False,original
4390,gemini,True,counterfactual
4391,gemini,False,original
4392,gemini,True,counterfactual
4393,gemini,False,original
4394,gemini,True,counterfactual
4395,gemini,False,original
4396,gemini,True,counterfactual
4397,gemini,False,original
4398,gemini,True,counterfactual
4399,gemini,True,original
4400,gemini,False,counterfactual
4401,gemini,False,original
4402,gemini,True,counterfactual
4403,gemini,True,original
4404,gemini,False,counterfactual
4405,gemini,False,original
4406,gemini,True,counterfactual
4407,gemini,True,original
4408,gemini,False,counterfactual
4409,gemini,True,original
4410,gemini,False,counterfactual
4411,gemini,False,original
4412,gemini,True,counterfactual
4413,gemini,False,original
4414,gemini,True,counterfactual
4415,gemini,False,original
4416,gemini,True,counterfactual
4417,gemini,False,original
4418,gemini,True,counterfactual
4419,gemini,False,original
4420,gemini,True,counterfactual
4421,gemini,True,original
4422,gemini,False,counterfactual
4423,gemini,False,original
4424,gemini,True,counterfactual
4425,gemini,False,original
4426,gemini,True,counterfactual
4427,gemini,False,original
4428,gemini,True,counterfactual
4429,gemini,False,original
4430,gemini,True,counterfactual
4431,gemini,False,original
4432,gemini,True,counterfactual
4433,gemini,False,original
4434,gemini,True,counterfactual
4435,gemini,False,original
4436,gemini,True,counterfactual
4437,gemini,True,original
4438,gemini,False,counterfactual
4439,gemini,False,original
4440,gemini,True,counterfactual
4441,gemini,False,original
4442,gemini,True,counterfactual
4443,gemini,False,original
4444,gemini,True,counterfactual
4445,gemini,False,original
4446,gemini,True,counterfactual
4447,gemini,False,original
4448,gemini,True,counterfactual
4449,gemini,False,original
4450,gemini,True,counterfactual
4451,gemini,False,original
4452,gemini,True,counterfactual
4453,gemini,False,original
4454,gemini,True,counterfactual
4455,gemini,False,original
4456,gemini,True,counterfactual
4457,gemini,True,original
4458,gemini,False,counterfactual
4459,gemini,True,original
4460,gemini,False,counterfactual
4461,gemini,True,original
4462,gemini,False,counterfactual
4463,gemini,False,original
4464,gemini,True,counterfactual
4465,gemini,True,original
4466,gemini,False,counterfactual
4467,gemini,False,original
4468,gemini,True,counterfactual
4469,gemini,True,original
4470,gemini,False,counterfactual
4471,gemini,True,original
4472,gemini,False,counterfactual
4473,gemini,False,original
4474,gemini,True,counterfactual
4475,gemini,False,original
4476,gemini,True,counterfactual
4477,gemini,False,original
4478,gemini,True,counterfactual
4479,gemini,False,original
4480,gemini,True,counterfactual
4481,gemini,False,original
4482,gemini,True,counterfactual
4483,gemini,False,original
4484,gemini,True,counterfactual
4485,gemini,False,original
4486,gemini,True,counterfactual
4487,gemini,False,original
4488,gemini,True,counterfactual
4489,gemini,False,original
4490,gemini,True,counterfactual
4491,gemini,False,original
4492,gemini,True,counterfactual
4493,gemini,False,original
4494,gemini,True,counterfactual
4495,gemini,True,original
4496,gemini,False,counterfactual
4497,gemini,False,original
4498,gemini,True,counterfactual
4499,gemini,False,original
4500,gemini,True,counterfactual
4501,gemini,True,original
4502,gemini,False,counterfactual
4503,gemini,True,original
4504,gemini,False,counterfactual
4505,gemini,True,original
4506,gemini,False,counterfactual
4507,gemini,True,original
4508,gemini,False,counterfactual
4509,gemini,True,original
4510,gemini,False,counterfactual
4511,gemini,True,original
4512,gemini,False,counterfactual
4513,gemini,True,original
4514,gemini,False,counterfactual
4515,gemini,False,original
4516,gemini,True,counterfactual
4517,gemini,False,original
4518,gemini,True,counterfactual
4519,gemini,False,original
4520,gemini,True,counterfactual
4521,gemini,False,original
4522,gemini,True,counterfactual
4523,gemini,False,original
4524,gemini,True,counterfactual
4525,gemini,False,original
4526,gemini,True,counterfactual
4527,gemini,False,original
4528,gemini,True,counterfactual
4529,gemini,False,original
4530,gemini,True,counterfactual
4531,gemini,True,original
4532,gemini,False,counterfactual
4533,gemini,True,original
4534,gemini,False,counterfactual
4535,gemini,True,original
4536,gemini,False,counterfactual
4537,gemini,False,original
4538,gemini,True,counterfactual
4539,gemini,False,original
4540,gemini,True,counterfactual
4541,gemini,False,original
4542,gemini,True,counterfactual
4543,gemini,True,original
4544,gemini,False,counterfactual
4545,gemini,True,original
4546,gemini,False,counterfactual
4547,gemini,False,original
4548,gemini,True,counterfactual
4549,gemini,False,original
4550,gemini,True,counterfactual
4551,gemini,False,original
4552,gemini,True,counterfactual
4553,gemini,False,original
4554,gemini,True,counterfactual
4555,gemini,False,original
4556,gemini,True,counterfactual
4557,gemini,False,original
4558,gemini,False,original
4559,gemini,False,original
4560,gemini,False,original
4561,gemini,False,original
4562,gemini,False,original
4563,gemini,False,original
4564,gemini,False,original
4565,gemini,False,original
4566,gemini,False,original
4567,gemini,False,original
4568,gemini,False,original
4569,gemini,False,original
4570,gemini,False,original
4571,gemini,False,original
4572,gemini,False,original
4573,gemini,False,original
4574,gemini,False,original
4575,gemini,False,original
4576,gemini,False,original
4577,gemini,False,original
4578,gemini,False,original
4579,gemini,False,original
4580,gemini,False,original
4581,gemini,False,original
4582,gemini,False,original
4583,gemini,False,original
4584,gemini,False,original
4585,gemini,False,original
4586,gemini,False,original
4587,gemini,False,original
4588,gemini,False,original
4589,gemini,False,original
4590,gemini,False,original
4591,gemini,False,original
4592,gemini,False,original
4593,gemini,False,original
4594,gemini,False,original
4595,gemini,False,original
4596,gemini,False,original
4597,gemini,False,original
4598,gemini,False,original
4599,gemini,False,original
4600,gemini,False,original
4601,gemini,False,original
4602,gemini,False,original
4603,gemini,False,original
4604,gemini,False,original
4605,gemini,False,original
4606,gemini,False,original
4607,gemini,False,original
4608,gemini,False,original
4609,gemini,False,original
4610,gemini,False,original
4611,gemini,False,original
4612,gemini,False,original
4613,gemini,False,original
4614,gemini,False,original
4615,gemini,False,original
4616,gemini,False,original
4617,gemini,False,original
4618,gemini,False,original
4619,gemini,False,original
4620,gemini,False,original
4621,gemini,False,original
4622,gemini,False,original
4623,gemini,False,original
4624,gemini,False,original
4625,gemini,False,original
4626,gemini,False,original
4627,gemini,False,original
4628,gemini,False,original
4629,gemini,False,original
4630,gemini,False,original
4631,gemini,False,original
4632,gemini,False,original
4633,gemini,False,original
4634,gemini,False,original
4635,gemini,False,original
4636,gemini,False,original
4637,gemini,False,original
4638,gemini,False,original
4639,gemini,False,original
4640,gemini,False,original
4641,gemini,False,original
4642,gemini,False,original
4643,gemini,False,original
4644,gemini,False,original
4645,gemini,False,original
4646,gemini,False,original
4647,gemini,False,original
4648,gemini,False,original
4649,gemini,False,original
4650,gemini,False,original
4651,gemini,False,original
4652,gemini,False,original
4653,gemini,False,original
4654,gemini,False,original
4655,gemini,False,original
4656,gemini,False,original
4657,gemini,False,original
4658,gemini,False,original
4659,gemini,False,original
4660,gemini,False,original
4661,gemini,False,original
4662,gemini,False,original
4663,gemini,False,original
4664,gemini,False,original
4665,gemini,False,original
4666,gemini,False,original
4667,gemini,False,original
4668,gemini,False,original
4669,gemini,False,original
4670,gemini,False,original
4671,gemini,False,original
4672,gemini,False,original
4673,gemini,False,original
4674,gemini,False,original
4675,gemini,False,original
4676,gemini,False,original
4677,gemini,False,original
4678,gemini,False,original
4679,gemini,False,original
4680,gemini,False,original
4681,gemini,False,original
4682,gemini,False,original
4683,gemini,False,original
4684,gemini,False,original
4685,gemini,False,original
4686,gemini,True,original
4687,gemini,False,original
4688,gemini,False,original
4689,gemini,False,original
4690,gemini,False,original
4691,gemini,False,original
4692,gemini,False,original
4693,gemini,False,original
4694,gemini,False,original
4695,gemini,False,original
4696,gemini,False,original
4697,gemini,False,original
4698,gemini,False,original
4699,gemini,False,original
4700,gemini,False,original
4701,gemini,False,original
4702,gemini,False,original
4703,gemini,False,original
4704,gemini,False,original
4705,gemini,False,original
4706,gemini,False,original
4707,gemini,False,original
4708,gemini,False,original
4709,gemini,False,original
4710,gemini,False,original
4711,gemini,False,original
4712,gemini,False,original
4713,gemini,False,original
4714,gemini,False,original
4715,gemini,False,original
4716,gemini,False,original
4717,gemini,False,original
4718,gemini,False,original
4719,gemini,False,original
4720,gemini,False,original
4721,gemini,False,original
4722,gemini,False,original
4723,gemini,False,original
4724,gemini,False,original
4725,gemini,False,original
4726,gemini,False,original
4727,gemini,False,original
4728,gemini,False,original
4729,gemini,False,original
4730,gemini,False,original
4731,gemini,False,original
4732,gemini,False,original
4733,gemini,False,original
4734,gemini,False,original
4735,gemini,False,original
4736,gemini,False,original
4737,gemini,False,original
4738,gemini,False,original
4739,gemini,False,original
4740,gemini,False,original
4741,gemini,False,original
4742,gemini,False,original
4743,gemini,False,original
4744,gemini,False,original
4745,gemini,False,original
4746,gemini,False,original
4747,gemini,False,original
4748,gemini,False,original
4749,gemini,False,original
4750,gemini,False,original
4751,gemini,False,original
4752,gemini,False,original
4753,gemini,False,original
4754,gemini,False,original
4755,gemini,False,original
4756,gemini,False,original
4757,gemini,False,original
4758,gemini,False,original
4759,gemini,False,original
4760,gemini,False,original
4761,gemini,False,original
4762,gemini,False,original
4763,gemini,False,original
4764,gemini,False,original
4765,gemini,False,original
4766,gemini,False,original
4767,gemini,True,original
4768,gemini,False,original
4769,gemini,False,original
4770,gemini,False,original
4771,gemini,False,original
4772,gemini,False,original
4773,gemini,False,original
4774,gemini,False,original
4775,gemini,False,original
4776,gemini,False,original
4777,gemini,True,original
4778,gemini,False,original
4779,gemini,True,original
4780,gemini,False,original
4781,gemini,False,original
4782,gemini,False,original
4783,gemini,False,original
4784,gemini,False,original
4785,gemini,False,original
4786,gemini,False,original
4787,gemini,False,original
4788,gemini,False,original
4789,gemini,False,original
4790,gemini,True,original
4791,gemini,False,original
4792,gemini,False,original
4793,gemini,False,original
4794,gemini,False,original
4795,gemini,False,original
4796,gemini,False,original
4797,gemini,False,original
4798,gemini,False,original
4799,gemini,False,original
4800,gemini,False,original
4801,gemini,False,original
4802,gemini,False,original
4803,gemini,False,original
4804,gemini,False,original
4805,gemini,False,original
4806,gemini,False,original
4807,gemini,False,original
4808,gemini,False,original
4809,gemini,False,original
4810,gemini,False,original
4811,gemini,False,original
4812,gemini,False,original
4813,gemini,False,original
4814,gemini,False,original
4815,gemini,False,original
4816,gemini,False,original
4817,gemini,False,original
4818,gemini,False,original
4819,gemini,False,original
4820,gemini,False,original
4821,gemini,False,original
4822,gemini,False,original
4823,gemini,False,original
4824,gemini,False,original
4825,gemini,True,original
4826,gemini,True,original
4827,gemini,False,original
4828,gemini,False,original
4829,gemini,False,original
4830,gemini,False,original
4831,gemini,False,original
4832,gemini,False,original
4833,gemini,False,original
4834,gemini,False,original
4835,gemini,False,original
4836,gemini,False,original
4837,gemini,False,original
4838,gemini,False,original
4839,gemini,False,original
4840,gemini,False,original
4841,gemini,False,original
4842,gemini,False,original
4843,gemini,False,original
4844,gemini,False,original
4845,gemini,False,original
4846,gemini,False,original
4847,gemini,False,original
4848,gemini,False,original
4849,gemini,False,original
4850,gemini,False,original
4851,gemini,False,original
4852,gemini,False,original
4853,gemini,False,original
4854,gemini,False,original
4855,gemini,False,original
4856,gemini,False,original
4857,gemini,False,original
4858,gemini,False,original
4859,gemini,False,original
4860,gemini,False,original
4861,gemini,False,original
4862,gemini,False,original
4863,gemini,False,original
4864,gemini,False,original
4865,gemini,False,original
4866,gemini,False,original
4867,gemini,False,original
4868,gemini,False,original
4869,gemini,False,original
4870,gemini,False,original
4871,gemini,False,original
4872,gemini,False,original
4873,gemini,False,original
4874,gemini,False,original
4875,gemini,False,original
4876,gemini,False,original
4877,gemini,False,original
4878,gemini,False,original
4879,gemini,False,original
4880,gemini,False,original
4881,gemini,False,original
4882,gemini,False,original
4883,gemini,False,original
4884,gemini,False,original
4885,gemini,False,original
4886,gemini,False,original
4887,gemini,False,original
4888,gemini,False,original
4889,gemini,False,original
4890,gemini,False,original
4891,gemini,False,original
4892,gemini,False,original
4893,gemini,False,original
4894,gemini,False,original
4895,gemini,False,original
4896,gemini,False,original
4897,gemini,False,original
4898,gemini,False,original
4899,gemini,False,original
4900,gemini,False,original
4901,gemini,False,original
4902,gemini,False,original
4903,gemini,False,original
4904,gemini,False,original
4905,gemini,False,original
4906,gemini,False,original
4907,gemini,False,original
4908,gemini,False,original
4909,gemini,False,original
4910,gemini,False,original
4911,gemini,True,original
4912,gemini,False,original
4913,gemini,False,original
4914,gemini,False,original
4915,gemini,False,original
4916,gemini,False,original
4917,gemini,False,original
4918,gemini,True,original
4919,gemini,False,original
4920,gemini,False,original
4921,gemini,False,original
4922,gemini,False,original
4923,gemini,False,original
4924,gemini,False,original
4925,gemini,False,original
4926,gemini,False,original
4927,gemini,False,original
4928,gemini,False,original
4929,gemini,False,original
4930,gemini,False,original
4931,gemini,False,original
4932,gemini,False,original
4933,gemini,False,original
4934,gemini,False,original
4935,gemini,False,original
4936,gemini,False,original
4937,gemini,False,original
4938,gemini,False,original
4939,gemini,False,original
4940,gemini,False,original
4941,gemini,False,original
4942,gemini,False,original
4943,gemini,False,original
4944,gemini,False,original
4945,gemini,False,original
4946,gemini,False,original
4947,gemini,False,original
4948,gemini,False,original
4949,gemini,False,original
4950,gemini,False,original
4951,gemini,False,original
4952,gemini,False,original
4953,gemini,False,original
4954,gemini,False,original
4955,gemini,False,original
4956,gemini,False,original
4957,gemini,False,original
4958,gemini,False,original
4959,gemini,False,original
4960,gemini,False,original
4961,gemini,False,original
4962,gemini,False,original
4963,gemini,False,original
4964,gemini,False,original
4965,gemini,False,original
4966,gemini,False,original
4967,gemini,False,original
4968,gemini,False,original
4969,gemini,False,original
4970,gemini,False,original
4971,gemini,False,original
4972,gemini,False,original
4973,gemini,False,original
4974,gemini,False,original
4975,gemini,False,original
4976,gemini,False,original
4977,gemini,False,original
4978,gemini,False,original
4979,gemini,False,original
4980,gemini,False,original
4981,gemini,False,original
4982,gemini,False,original
4983,gemini,False,original
4984,gemini,False,original
4985,gemini,False,original
4986,gemini,False,original
4987,gemini,False,original
4988,gemini,False,original
4989,gemini,False,original
4990,gemini,False,original
4991,gemini,False,original
4992,gemini,False,original
4993,gemini,False,original
4994,gemini,False,original
4995,gemini,False,original
4996,gemini,False,original
4997,gemini,False,original
4998,gemini,False,original
4999,gemini,False,original
5000,gemini,False,original
5001,gemini,False,original
5002,gemini,False,original
5003,gemini,False,original
5004,gemini,False,original
5005,gemini,False,original
5006,gemini,False,original
5007,gemini,False,original
5008,gemini,False,original
5009,gemini,False,original
5010,gemini,False,original
5011,gemini,False,original
5012,gemini,False,original
5013,gemini,False,original
5014,gemini,False,original
5015,gemini,False,original
5016,gemini,False,original
5017,gemini,False,original
5018,gemini,False,original
5019,gemini,False,original
5020,gemini,False,original
5021,gemini,False,original
5022,gemini,False,original
5023,gemini,False,original
5024,gemini,False,original
5025,gemini,False,original
5026,gemini,False,original
5027,gemini,False,original
5028,gemini,False,original
5029,gemini,False,original
5030,gemini,False,original
5031,gemini,False,original
5032,gemini,False,original
5033,gemini,False,original
5034,gemini,False,original
5035,gemini,False,original
5036,gemini,False,original
5037,gemini,False,original
5038,gemini,False,original
5039,gemini,False,original
5040,gemini,False,original
5041,gemini,False,original
5042,gemini,False,original
5043,gemini,False,original
5044,gemini,False,original
5045,gemini,False,original
5046,gemini,False,original
5047,gemini,False,original
5048,gemini,False,original
5049,gemini,False,original
5050,gemini,True,original
5051,gemini,False,original
5052,gemini,False,original
5053,gemini,False,original
5054,gemini,False,original
5055,gemini,False,original
5056,gemini,False,original
5057,gemini,False,original
5058,gemini,False,original
5059,gemini,False,original
5060,gemini,False,original
5061,gemini,False,original
5062,gemini,False,original
5063,gemini,False,original
5064,gemini,False,original
5065,gemini,False,original
5066,gemini,False,original
5067,gemini,False,original
5068,gemini,False,original
5069,gemini,False,original
5070,gemini,False,original
5071,gemini,False,original
5072,gemini,True,original
5073,gemini,False,original
5074,gemini,False,original
5075,gemini,False,original
5076,gemini,False,original
5077,gemini,False,original
5078,gemini,False,original
5079,gemini,True,original
5080,gemini,False,original
5081,gemini,False,original
5082,gemini,False,original
5083,gemini,False,original
5084,gemini,False,original
5085,gemini,False,original
5086,gemini,False,original
5087,gemini,False,original
5088,gemini,False,original
5089,gemini,False,original
5090,gemini,False,original
5091,gemini,False,original
5092,gemini,False,original
5093,gemini,False,original
5094,gemini,False,original
5095,gemini,False,original
5096,gemini,False,original
5097,gemini,False,original
5098,gemini,False,original
5099,gemini,False,original
5100,gemini,False,original
5101,gemini,False,original
5102,gemini,False,original
5103,gemini,False,original
5104,gemini,False,original
5105,gemini,False,original
5106,gemini,False,original
5107,gemini,False,original
5108,gemini,False,original
5109,gemini,False,original
5110,gemini,True,original
5111,gemini,False,original
5112,gemini,False,original
5113,gemini,False,original
5114,gemini,False,original
5115,gemini,False,original
5116,gemini,False,original
5117,gemini,False,original
5118,gemini,False,original
5119,gemini,False,original
5120,gemini,False,original
5121,gemini,False,original
5122,gemini,False,original
5123,gemini,False,original
5124,gemini,False,original
5125,gemini,False,original
5126,gemini,False,original
5127,gemini,False,original
5128,gemini,False,original
5129,gemini,False,original
5130,gemini,False,original
5131,gemini,False,original
5132,gemini,False,original
5133,gemini,False,original
5134,gemini,False,original
5135,gemini,False,original
5136,gemini,False,original
5137,gemini,False,original
5138,gemini,False,original
5139,gemini,False,original
5140,gemini,False,original
5141,gemini,False,original
5142,gemini,False,original
5143,gemini,False,original
5144,gemini,False,original
5145,gemini,False,original
5146,gemini,False,original
5147,gemini,False,original
5148,gemini,False,original
5149,gemini,False,original
5150,gemini,False,original
5151,gemini,False,original
5152,gemini,False,original
5153,gemini,False,original
5154,gemini,False,original
5155,gemini,False,original
5156,gemini,False,original
5157,gemini,False,original
5158,gemini,False,original
5159,gemini,False,original
5160,gemini,False,original
5161,gemini,False,original
5162,gemini,False,original
5163,gemini,False,original
5164,gemini,False,original
5165,gemini,False,original
5166,gemini,False,original
5167,gemini,False,original
5168,gemini,False,original
5169,gemini,False,original
5170,gemini,False,original
5171,gemini,False,original
5172,gemini,False,original
5173,gemini,False,original
5174,gemini,False,original
5175,gemini,False,original
5176,gemini,False,original
5177,gemini,False,original
5178,gemini,False,original
5179,gemini,False,original
5180,gemini,False,original
5181,gemini,False,original
5182,gemini,False,original
5183,gemini,False,original
5184,gemini,False,original
5185,gemini,False,original
5186,gemini,False,original
5187,gemini,False,original
5188,gemini,False,original
5189,gemini,False,original
5190,gemini,False,original
5191,gemini,False,original
5192,gemini,False,original
5193,gemini,False,original
5194,gemini,False,original
5195,gemini,False,original
5196,gemini,False,original
5197,gemini,False,original
5198,gemini,False,original
5199,gemini,False,original
5200,gemini,False,original
5201,gemini,False,original
5202,gemini,False,original
5203,gemini,True,original
5204,gemini,False,original
5205,gemini,False,original
5206,gemini,False,original
5207,gemini,False,original
5208,gemini,False,original
5209,gemini,False,original
5210,gemini,False,original
5211,gemini,False,original
5212,gemini,False,original
5213,gemini,False,original
5214,gemini,False,original
5215,gemini,False,original
5216,gemini,False,original
5217,gemini,False,original
5218,gemini,False,original
5219,gemini,False,original
5220,gemini,False,original
5221,gemini,False,original
5222,gemini,False,original
5223,gemini,False,original
5224,gemini,False,original
5225,gemini,False,original
5226,gemini,False,original
5227,gemini,False,original
5228,gemini,False,original
5229,gemini,False,original
5230,gemini,False,original
5231,gemini,False,original
5232,gemini,False,original
5233,gemini,False,original
5234,gemini,False,original
5235,gemini,False,original
5236,gemini,False,original
5237,gemini,False,original
5238,gemini,False,original
5239,gemini,False,original
5240,gemini,False,original
5241,gemini,False,original
5242,gemini,False,original
5243,gemini,False,original
5244,gemini,False,original
5245,gemini,False,original
5246,gemini,False,original
5247,gemini,False,original
5248,gemini,False,original
5249,gemini,False,original
5250,gemini,False,original
5251,gemini,False,original
5252,gemini,False,original
5253,gemini,False,original
5254,gemini,False,original
5255,gemini,False,original
5256,gemini,False,original
5257,gemini,False,original
5258,gemini,False,original
5259,gemini,False,original
5260,gemini,False,original
5261,gemini,False,original
5262,gemini,False,original
5263,gemini,False,original
5264,gemini,False,original
5265,gemini,False,original
5266,gemini,False,original
5267,gemini,False,original
5268,gemini,False,original
5269,gemini,False,original
5270,gemini,False,original
5271,gemini,False,original
5272,gemini,False,original
5273,gemini,False,original
5274,gemini,False,original
5275,gemini,False,original
5276,gemini,False,original
5277,gemini,False,original
5278,gemini,False,original
5279,gemini,False,original
5280,gemini,False,original
5281,gemini,True,original
5282,gemini,False,original
5283,gemini,False,original
5284,gemini,False,original
5285,gemini,False,original
5286,gemini,False,original
5287,gemini,False,original
5288,gemini,False,original
5289,gemini,False,original
5290,gemini,False,original
5291,gemini,False,original
5292,gemini,False,original
5293,gemini,False,original
5294,gemini,False,original
5295,gemini,False,original
5296,gemini,False,original
5297,gemini,False,original
5298,gemini,False,original
5299,gemini,False,original
5300,gemini,False,original
5301,gemini,False,original
5302,gemini,False,original
5303,gemini,False,original
5304,gemini,False,original
5305,gemini,False,original
5306,gemini,False,original
5307,gemini,False,original
5308,gemini,False,original
5309,gemini,False,original
5310,gemini,False,original
5311,gemini,False,original
5312,gemini,False,original
5313,gemini,False,original
5314,gemini,True,original
5315,gemini,False,original
5316,gemini,False,original
5317,gemini,False,original
5318,gemini,False,original
5319,gemini,False,original
5320,gemini,False,original
5321,gemini,False,original
5322,gemini,False,original
5323,gemini,False,original
5324,gemini,False,original
5325,gemini,False,original
5326,gemini,False,original
5327,gemini,False,original
5328,gemini,False,original
5329,gemini,False,original
5330,gemini,False,original
5331,gemini,False,original
5332,gemini,False,original
5333,gemini,True,original
5334,gemini,False,original
5335,gemini,False,original
5336,gemini,False,original
5337,gemini,False,original
5338,gemini,False,original
5339,gemini,False,original
5340,gemini,False,original
5341,gemini,False,original
5342,gemini,True,original
5343,gemini,False,original
5344,gemini,False,original
5345,gemini,True,original
5346,gemini,False,original
5347,gemini,False,original
5348,gemini,False,original
5349,gemini,False,original
5350,gemini,True,original
5351,gemini,False,original
5352,gemini,True,original
5353,gemini,False,original
5354,gemini,False,original
5355,gemini,False,original
5356,gemini,False,original
5357,gemini,True,original
5358,gemini,True,original
5359,gemini,False,original
5360,gemini,False,original
5361,gemini,True,original
5362,gemini,True,original
5363,gemini,False,original
5364,gemini,False,original
5365,gemini,False,original
5366,gemini,False,original
5367,gemini,False,original
5368,gemini,False,original
5369,gemini,False,original
5370,gemini,False,original
5371,gemini,False,original
5372,gemini,False,original
5373,gemini,False,original
5374,gemini,False,original
5375,gemini,False,original
5376,gemini,False,original
5377,gemini,False,original
5378,gemini,False,original
5379,gemini,True,original
5380,gemini,False,original
5381,gemini,False,original
5382,gemini,False,original
5383,gemini,False,original
5384,gemini,False,original
5385,gemini,False,original
5386,gemini,False,original
5387,gemini,False,original
5388,gemini,False,original
5389,gemini,False,original
5390,gemini,False,original
5391,gemini,False,original
5392,gemini,False,original
5393,gemini,False,original
5394,gemini,False,original
5395,gemini,False,original
5396,gemini,False,original
5397,gemini,False,original
5398,gemini,False,original
5399,gemini,False,original
5400,gemini,False,original
5401,gemini,False,original
5402,gemini,False,original
5403,gemini,False,original
5404,gemini,False,original
5405,gemini,False,original
5406,gemini,False,original
5407,gemini,False,original
5408,gemini,False,original
5409,gemini,False,original
5410,gemini,False,original
5411,gemini,False,original
5412,gemini,False,original
5413,gemini,False,original
5414,gemini,False,original
5415,gemini,False,original
5416,gemini,False,original
5417,gemini,False,original
5418,gemini,False,original
5419,gemini,False,original
5420,gemini,False,original
5421,gemini,False,original
5422,gemini,False,original
5423,gemini,False,original
5424,gemini,False,original
5425,gemini,False,original
5426,gemini,False,original
5427,gemini,False,original
5428,gemini,False,original
5429,gemini,False,original
5430,gemini,False,original
5431,gemini,False,original
5432,gemini,False,original
5433,gemini,False,original
5434,gemini,False,original
5435,gemini,False,original
5436,gemini,False,original
5437,gemini,False,original
5438,gemini,False,original
5439,gemini,False,original
5440,gemini,False,original
5441,gemini,False,original
5442,gemini,False,original
5443,gemini,False,original
5444,gemini,False,original
5445,gemini,False,original
5446,gemini,False,original
5447,gemini,False,original
5448,gemini,False,original
5449,gemini,False,original
5450,gemini,False,original
5451,gemini,False,original
5452,gemini,False,original
5453,gemini,False,original
5454,gemini,False,original
5455,gemini,False,original
5456,gemini,False,original
5457,gemini,False,original
5458,gemini,False,original
5459,gemini,False,original
5460,gemini,False,original
5461,gemini,False,original
5462,gemini,False,original
5463,gemini,False,original
5464,gemini,False,original
5465,gemini,False,original
5466,gemini,False,original
5467,gemini,False,original
5468,gemini,False,original
5469,gemini,False,original
5470,gemini,False,original
5471,gemini,False,original
5472,gemini,False,original
5473,gemini,False,original
5474,gemini,False,original
5475,gemini,False,original
5476,gemini,False,original
5477,gemini,False,original
5478,gemini,False,original
5479,gemini,False,original
5480,gemini,False,original
5481,gemini,False,original
5482,gemini,False,original
5483,gemini,False,original
5484,gemini,False,original
5485,gemini,False,original
5486,gemini,False,original
5487,gemini,False,original
5488,gemini,False,original
5489,gemini,False,original
5490,gemini,False,original
5491,gemini,False,original
5492,gemini,False,original
5493,gemini,False,original
5494,gemini,False,original
5495,gemini,False,original
5496,gemini,False,original
5497,gemini,False,original
5498,gemini,False,original
5499,gemini,False,original
5500,gemini,False,original
5501,gemini,False,original
5502,gemini,False,original
5503,gemini,True,original
5504,gemini,False,original
5505,gemini,False,original
5506,gemini,False,original
5507,gemini,False,original
5508,gemini,False,original
5509,gemini,False,original
5510,gemini,False,original
5511,gemini,False,original
5512,gemini,False,original
5513,gemini,False,original
5514,gemini,False,original
5515,gemini,False,original
5516,gemini,False,original
5517,gemini,False,original
5518,gemini,False,original
5519,gemini,False,original
5520,gemini,False,original
5521,gemini,False,original
5522,gemini,False,original
5523,gemini,False,original
5524,gemini,False,original
5525,gemini,False,original
5526,gemini,False,original
5527,gemini,False,original
5528,gemini,False,original
5529,gemini,False,original
5530,gemini,False,original
5531,gemini,False,original
5532,gemini,False,original
5533,gemini,False,original
5534,gemini,False,original
5535,gemini,False,original
5536,gemini,False,original
5537,gemini,False,original
5538,gemini,False,original
5539,gemini,False,original
5540,gemini,False,original
5541,gemini,False,original
5542,gemini,False,original
5543,gemini,False,original
5544,gemini,False,original
5545,gemini,False,original
5546,gemini,False,original
5547,gemini,False,original
5548,gemini,False,original
5549,gemini,False,original
5550,gemini,False,original
5551,gemini,False,original
5552,gemini,False,original
5553,gemini,False,original
5554,gemini,False,original
5555,gemini,False,original
5556,gemini,False,original
5557,gemini,False,original
5558,gemini,False,original
5559,gemini,False,original
5560,gemini,False,original
5561,gemini,False,original
5562,gemini,False,original
5563,gemini,False,original
5564,gemini,False,original
5565,gemini,False,original
5566,gemini,True,original
5567,gemini,False,original
5568,gemini,False,original
5569,gemini,False,original
5570,gemini,False,original
5571,gemini,False,original
5572,gemini,False,original
5573,gemini,False,original
5574,gemini,False,original
5575,gemini,False,original
5576,gemini,False,original
5577,gemini,False,original
5578,gemini,False,original
5579,gemini,False,original
5580,gemini,False,original
5581,gemini,False,original
5582,gemini,False,original
5583,gemini,False,original
5584,gemini,False,original
5585,gemini,False,original
5586,gemini,False,original
5587,gemini,False,original
5588,gemini,False,original
5589,gemini,False,original
5590,gemini,False,original
5591,gemini,False,original
5592,gemini,False,original
5593,gemini,False,original
5594,gemini,False,original
5595,gemini,False,original
5596,gemini,False,original
5597,gemini,False,original
5598,gemini,False,original
5599,gemini,False,original
5600,gemini,False,original
5601,gemini,False,original
5602,gemini,False,original
5603,gemini,False,original
5604,gemini,False,original
5605,gemini,False,original
5606,gemini,False,original
5607,gemini,False,original
5608,gemini,False,original
5609,gemini,False,original
5610,gemini,False,original
5611,gemini,False,original
5612,gemini,False,original
5613,gemini,False,original
5614,gemini,False,original
5615,gemini,True,original
5616,gemini,False,original
5617,gemini,False,original
5618,gemini,False,original
5619,gemini,False,original
5620,gemini,False,original
5621,gemini,False,original
5622,gemini,False,original
5623,gemini,False,original
5624,gemini,False,original
5625,gemini,False,original
5626,gemini,False,original
5627,gemini,False,original
5628,gemini,False,original
5629,gemini,False,original
5630,gemini,False,original
5631,gemini,False,original
5632,gemini,False,original
5633,gemini,False,original
5634,gemini,False,original
5635,gemini,False,original
5636,gemini,False,original
5637,gemini,False,original
5638,gemini,False,original
5639,gemini,False,original
5640,gemini,False,original
5641,gemini,False,original
5642,gemini,False,original
5643,gemini,False,original
5644,gemini,False,original
5645,gemini,False,original
5646,gemini,False,original
5647,gemini,False,original
5648,gemini,False,original
5649,gemini,False,original
5650,gemini,True,original
5651,gemini,False,original
5652,gemini,False,original
5653,gemini,False,original
5654,gemini,False,original
5655,gemini,False,original
5656,gemini,False,original
5657,gemini,False,original
5658,gemini,False,original
5659,gemini,False,original
5660,gemini,False,original
5661,gemini,False,original
5662,gemini,False,original
5663,gemini,False,original
5664,gemini,False,original
5665,gemini,False,original
5666,gemini,False,original
5667,gemini,False,original
5668,gemini,False,original
5669,gemini,False,original
5670,gemini,False,original
5671,gemini,False,original
5672,gemini,False,original
5673,gemini,False,original
5674,gemini,False,original
5675,gemini,False,original
5676,gemini,False,original
5677,gemini,False,original
5678,gemini,False,original
5679,gemini,False,original
5680,gemini,False,original
5681,gemini,False,original
5682,gemini,False,original
5683,gemini,False,original
5684,gemini,False,original
5685,gemini,False,original
5686,gemini,False,original
5687,gemini,False,original
5688,gemini,False,original
5689,gemini,True,original
5690,gemini,True,original
5691,gemini,False,original
5692,gemini,False,original
5693,gemini,False,original
5694,gemini,False,original
5695,gemini,False,original
5696,gemini,False,original
5697,gemini,False,original
5698,gemini,True,original
5699,gemini,False,original
5700,gemini,False,original
5701,gemini,False,original
5702,gemini,False,original
5703,gemini,False,original
5704,gemini,True,original
5705,gemini,False,original
5706,gemini,False,original
5707,gemini,False,original
5708,gemini,False,original
5709,gemini,False,original
5710,gemini,False,original
5711,gemini,False,original
5712,gemini,False,original
5713,gemini,False,original
5714,gemini,False,original
5715,gemini,False,original
5716,gemini,False,original
5717,gemini,False,original
5718,gemini,False,original
5719,gemini,False,original
5720,gemini,False,original
5721,gemini,False,original
5722,gemini,False,original
5723,gemini,False,original
5724,gemini,False,original
5725,gemini,False,original
5726,gemini,False,original
5727,gemini,False,original
5728,gemini,False,original
5729,gemini,False,original
5730,gemini,False,original
5731,gemini,False,original
5732,gemini,False,original
5733,gemini,True,original
5734,gemini,False,original
5735,gemini,False,original
5736,gemini,False,original
5737,gemini,False,original
5738,gemini,False,original
5739,gemini,False,original
5740,gemini,False,original
5741,gemini,False,original
5742,gemini,False,original
5743,gemini,False,original
5744,gemini,False,original
5745,gemini,False,original
5746,gemini,False,original
5747,gemini,False,original
5748,gemini,False,original
5749,gemini,False,original
5750,gemini,False,original
5751,gemini,False,original
5752,gemini,False,original
5753,gemini,False,original
5754,gemini,False,original
5755,gemini,False,original
5756,gemini,False,original
5757,gemini,False,original
5758,gemini,False,original
5759,gemini,False,original
5760,gemini,False,original
5761,gemini,False,original
5762,gemini,False,original
5763,gemini,False,original
5764,gemini,False,original
5765,gemini,False,original
5766,gemini,False,original
5767,gemini,False,original
5768,gemini,False,original
5769,gemini,False,original
5770,gemini,False,original
5771,gemini,False,original
5772,gemini,False,original
5773,gemini,False,original
5774,gemini,False,original
5775,gemini,False,original
5776,gemini,False,original
5777,gemini,False,original
5778,gemini,False,original
5779,gemini,False,original
5780,gemini,False,original
5781,gemini,False,original
5782,gemini,False,original
5783,gemini,False,original
5784,gemini,False,original
5785,gemini,False,original
5786,gemini,False,original
5787,gemini,False,original
5788,gemini,False,original
5789,gemini,False,original
5790,gemini,False,original
5791,gemini,True,original
5792,gemini,False,original
5793,gemini,False,original
5794,gemini,False,original
5795,gemini,False,original
5796,gemini,False,original
5797,gemini,False,original
5798,gemini,False,original
5799,gemini,False,original
5800,gemini,False,original
5801,gemini,False,original
5802,gemini,False,original
5803,gemini,False,original
5804,gemini,False,original
5805,gemini,False,original
5806,gemini,False,original
5807,gemini,False,original
5808,gemini,False,original
5809,gemini,False,original
5810,gemini,False,original
5811,gemini,False,original
5812,gemini,False,original
5813,gemini,False,original
5814,gemini,False,original
5815,gemini,False,original
5816,gemini,False,original
5817,gemini,False,original
5818,gemini,False,original
5819,gemini,False,original
5820,gemini,False,original
5821,gemini,False,original
5822,gemini,False,original
5823,gemini,False,original
5824,gemini,False,original
5825,gemini,False,original
5826,gemini,False,original
5827,gemini,False,original
5828,gemini,False,original
5829,gemini,False,original
5830,gemini,False,original
5831,gemini,False,original
5832,gemini,False,original
5833,gemini,False,original
5834,gemini,False,original
5835,gemini,False,original
5836,gemini,False,original
5837,gemini,False,original
5838,gemini,False,original
5839,gemini,False,original
5840,gemini,False,original
5841,gemini,False,original
5842,gemini,False,original
5843,gemini,False,original
5844,gemini,False,original
5845,gemini,False,original
5846,gemini,False,original
5847,gemini,False,original
5848,gemini,False,original
5849,gemini,False,original
5850,gemini,False,original
5851,gemini,False,original
5852,gemini,False,original
5853,gemini,False,original
5854,gemini,False,original
5855,gemini,False,original
5856,gemini,False,original
5857,gemini,False,original
5858,gemini,False,original
5859,gemini,False,original
5860,gemini,False,original
5861,gemini,False,original
5862,gemini,False,original
5863,gemini,False,original
5864,gemini,False,original
5865,gemini,False,original
5866,gemini,False,original
5867,gemini,False,original
5868,gemini,False,original
5869,gemini,False,original
5870,gemini,False,original
5871,gemini,False,original
5872,gemini,False,original
5873,gemini,False,original
5874,gemini,False,original
5875,gemini,False,original
5876,gemini,False,original
5877,gemini,False,original
5878,gemini,True,original
5879,gemini,False,original
5880,gemini,False,original
5881,gemini,False,original
5882,gemini,False,original
5883,gemini,False,original
5884,gemini,False,original
5885,gemini,False,original
5886,gemini,False,original
5887,gemini,False,original
5888,gemini,False,original
5889,gemini,False,original
5890,gemini,False,original
5891,gemini,False,original
5892,gemini,False,original
5893,gemini,False,original
5894,gemini,False,original
5895,gemini,False,original
5896,gemini,False,original
5897,gemini,False,original
5898,gemini,False,original
5899,gemini,False,original
5900,gemini,False,original
5901,gemini,False,original
5902,gemini,False,original
5903,gemini,False,original
5904,gemini,False,original
5905,gemini,False,original
5906,gemini,False,original
5907,gemini,False,original
5908,gemini,False,original
5909,gemini,False,original
5910,gemini,False,original
5911,gemini,False,original
5912,gemini,False,original
5913,gemini,False,original
5914,gemini,False,original
5915,gemini,False,original
5916,gemini,False,original
5917,gemini,False,original
5918,gemini,False,original
5919,gemini,False,original
5920,gemini,False,original
5921,gemini,False,original
5922,gemini,False,original
5923,gemini,False,original
5924,gemini,False,original
5925,gemini,False,original
5926,gemini,False,original
5927,gemini,False,original
5928,gemini,False,original
5929,gemini,False,original
5930,gemini,False,original
5931,gemini,False,original
5932,gemini,False,original
5933,gemini,False,original
5934,gemini,False,original
5935,gemini,False,original
5936,gemini,False,original
5937,gemini,False,original
5938,gemini,False,original
5939,gemini,False,original
5940,gemini,False,original
5941,gemini,False,original
5942,gemini,False,original
5943,gemini,False,original
5944,gemini,False,original
5945,gemini,False,original
5946,gemini,False,original
5947,gemini,False,original
5948,gemini,False,original
5949,gemini,False,original
5950,gemini,False,original
5951,gemini,False,original
5952,gemini,False,original
5953,gemini,False,original
5954,gemini,False,original
5955,gemini,False,original
5956,gemini,True,original
5957,gemini,False,original
5958,gemini,False,original
5959,gemini,False,original
5960,gemini,False,original
5961,gemini,False,original
5962,gemini,False,original
5963,gemini,False,original
5964,gemini,False,original
5965,gemini,False,original
5966,gemini,False,original
5967,gemini,False,original
5968,gemini,False,original
5969,gemini,False,original
5970,gemini,False,original
5971,gemini,False,original
5972,gemini,False,original
5973,gemini,False,original
5974,gemini,False,original
5975,gemini,False,original
5976,gemini,False,original
5977,gemini,False,original
5978,gemini,False,original
5979,gemini,False,original
5980,gemini,False,original
5981,gemini,False,original
5982,gemini,False,original
5983,gemini,True,original
5984,gemini,False,original
5985,gemini,False,original
5986,gemini,False,original
5987,gemini,False,original
5988,gemini,False,original
5989,gemini,False,original
5990,gemini,False,original
5991,gemini,False,original
5992,gemini,False,original
5993,gemini,False,original
5994,gemini,True,original
5995,gemini,False,original
5996,gemini,False,original
5997,gemini,False,original
5998,gemini,False,original
5999,gemini,False,original
6000,gemini,False,original
6001,gemini,False,original
6002,gemini,False,original
6003,gemini,False,original
6004,gemini,False,original
6005,gemini,False,original
6006,gemini,False,original
6007,gemini,False,original
6008,gemini,False,original
6009,gemini,False,original
6010,gemini,False,original
6011,gemini,False,original
6012,gemini,False,original
6013,gemini,False,original
6014,gemini,False,original
6015,gemini,False,original
6016,gemini,False,original
6017,gemini,False,original
6018,gemini,False,original
6019,gemini,False,original
6020,gemini,False,original
6021,gemini,False,original
6022,gemini,False,original
6023,gemini,False,original
6024,gemini,False,original
6025,gemini,False,original
6026,gemini,False,original
6027,gemini,False,original
6028,gemini,False,original
6029,gemini,True,original
6030,gemini,False,original
6031,gemini,False,original
6032,gemini,True,original
6033,gemini,False,original
6034,gemini,False,original
6035,gemini,False,original
6036,gemini,True,original
6037,gemini,False,original
6038,gemini,False,original
6039,gemini,False,original
6040,gemini,False,original
6041,gemini,False,original
6042,gemini,False,original
6043,gemini,False,original
6044,gemini,False,original
6045,gemini,False,original
6046,gemini,False,original
6047,gemini,False,original
6048,gemini,False,original
6049,gemini,False,original
6050,gemini,False,original
6051,gemini,False,original
6052,gemini,False,original
6053,gemini,False,original
6054,gemini,False,original
6055,gemini,False,original
6056,gemini,False,original
6057,gemini,False,original
6058,gemini,False,original
6059,gemini,False,original
6060,gemini,False,original
6061,gemini,False,original
6062,gemini,False,original
6063,gemini,False,original
6064,gemini,False,original
6065,gemini,False,original
6066,gemini,False,original
6067,gemini,False,original
6068,gemini,False,original
6069,gemini,False,original
6070,gemini,False,original
6071,gemini,False,original
6072,gemini,False,original
6073,gemini,False,original
6074,gemini,False,original
6075,gemini,False,original
6076,gemini,False,original
6077,gemini,False,original
6078,gemini,False,original
6079,gemini,False,original
6080,gemini,False,original
6081,gemini,False,original
6082,gemini,False,original
6083,gemini,False,original
6084,gemini,False,original
6085,gemini,False,original
6086,gemini,False,original
6087,gemini,False,original
6088,gemini,False,original
6089,gemini,False,original
6090,gemini,False,original
6091,gemini,False,original
6092,gemini,False,original
6093,gemini,False,original
6094,gemini,False,original
6095,gemini,False,original
6096,gemini,False,original
6097,gemini,False,original
6098,gemini,False,original
6099,gemini,False,original
6100,gemini,False,original
6101,gemini,False,original
6102,gemini,False,original
6103,gemini,False,original
6104,gemini,False,original
6105,gemini,False,original
6106,gemini,False,original
6107,gemini,False,original
6108,gemini,False,original
6109,gemini,False,original
6110,gemini,False,original
6111,gemini,False,original
6112,gemini,False,original
6113,gemini,False,original
6114,gemini,False,original
6115,gemini,False,original
6116,gemini,False,original
6117,gemini,False,original
6118,gemini,False,original
6119,gemini,False,original
6120,gemini,False,original
6121,gemini,False,original
6122,gemini,False,original
6123,gemini,False,original
6124,gemini,False,original
6125,gemini,False,original
6126,gemini,False,original
6127,gemini,False,original
6128,gemini,False,original
6129,gemini,False,original
6130,gemini,False,original
6131,gemini,False,original
6132,gemini,False,original
6133,gemini,False,original
6134,gemini,False,original
6135,gemini,False,original
6136,gemini,False,original
6137,gemini,False,original
6138,gemini,False,original
6139,gemini,False,original
6140,gemini,False,original
6141,gemini,False,original
6142,gemini,False,original
6143,gemini,False,original
6144,gemini,False,original
6145,gemini,False,original
6146,gemini,False,original
6147,gemini,False,original
6148,gemini,False,original
6149,gemini,False,original
6150,gemini,False,original
6151,gemini,False,original
6152,gemini,False,original
6153,gemini,False,original
6154,gemini,False,original
6155,gemini,False,original
6156,gemini,False,original
6157,gemini,False,original
6158,gemini,False,original
6159,gemini,False,original
6160,gemini,False,original
6161,gemini,False,original
6162,gemini,False,original
6163,gemini,False,original
6164,gemini,False,original
6165,gemini,False,original
6166,gus-dataset,True,original
6167,gus-dataset,False,counterfactual
6168,gus-dataset,True,original
6169,gus-dataset,False,counterfactual
6170,gus-dataset,True,original
6171,gus-dataset,False,counterfactual
6172,gus-dataset,True,original
6173,gus-dataset,False,counterfactual
6174,gus-dataset,True,original
6175,gus-dataset,False,counterfactual
6176,gus-dataset,False,original
6177,gus-dataset,True,counterfactual
6178,gus-dataset,True,original
6179,gus-dataset,False,counterfactual
6180,gus-dataset,True,original
6181,gus-dataset,False,counterfactual
6182,gus-dataset,False,original
6183,gus-dataset,True,counterfactual
6184,gus-dataset,True,original
6185,gus-dataset,False,counterfactual
6186,gus-dataset,True,original
6187,gus-dataset,False,counterfactual
6188,gus-dataset,True,original
6189,gus-dataset,False,counterfactual
6190,gus-dataset,True,original
6191,gus-dataset,False,counterfactual
6192,gus-dataset,False,original
6193,gus-dataset,True,counterfactual
6194,gus-dataset,True,original
6195,gus-dataset,False,counterfactual
6196,gus-dataset,True,original
6197,gus-dataset,False,counterfactual
6198,gus-dataset,False,original
6199,gus-dataset,True,counterfactual
6200,gus-dataset,True,original
6201,gus-dataset,False,counterfactual
6202,gus-dataset,True,original
6203,gus-dataset,False,counterfactual
6204,gus-dataset,True,original
6205,gus-dataset,False,counterfactual
6206,gus-dataset,True,original
6207,gus-dataset,False,counterfactual
6208,gus-dataset,True,original
6209,gus-dataset,False,counterfactual
6210,gus-dataset,True,original
6211,gus-dataset,False,counterfactual
6212,gus-dataset,True,original
6213,gus-dataset,False,counterfactual
6214,gus-dataset,True,original
6215,gus-dataset,False,counterfactual
6216,gus-dataset,True,original
6217,gus-dataset,False,counterfactual
6218,gus-dataset,True,original
6219,gus-dataset,False,counterfactual
6220,gus-dataset,False,original
6221,gus-dataset,True,counterfactual
6222,gus-dataset,True,original
6223,gus-dataset,False,counterfactual
6224,gus-dataset,True,original
6225,gus-dataset,False,counterfactual
6226,gus-dataset,True,original
6227,gus-dataset,False,counterfactual
6228,gus-dataset,True,original
6229,gus-dataset,False,counterfactual
6230,gus-dataset,True,original
6231,gus-dataset,False,counterfactual
6232,gus-dataset,True,original
6233,gus-dataset,False,counterfactual
6234,gus-dataset,True,original
6235,gus-dataset,False,counterfactual
6236,gus-dataset,True,original
6237,gus-dataset,False,counterfactual
6238,gus-dataset,True,original
6239,gus-dataset,False,counterfactual
6240,gus-dataset,True,original
6241,gus-dataset,False,counterfactual
6242,gus-dataset,True,original
6243,gus-dataset,False,counterfactual
6244,gus-dataset,True,original
6245,gus-dataset,False,counterfactual
6246,gus-dataset,True,original
6247,gus-dataset,False,counterfactual
6248,gus-dataset,False,original
6249,gus-dataset,True,counterfactual
6250,gus-dataset,True,original
6251,gus-dataset,False,counterfactual
6252,gus-dataset,True,original
6253,gus-dataset,False,counterfactual
6254,gus-dataset,True,original
6255,gus-dataset,False,counterfactual
6256,gus-dataset,True,original
6257,gus-dataset,False,counterfactual
6258,gus-dataset,False,original
6259,gus-dataset,True,counterfactual
6260,gus-dataset,False,original
6261,gus-dataset,True,counterfactual
6262,gus-dataset,True,original
6263,gus-dataset,False,counterfactual
6264,gus-dataset,True,original
6265,gus-dataset,False,counterfactual
6266,gus-dataset,True,original
6267,gus-dataset,False,counterfactual
6268,gus-dataset,True,original
6269,gus-dataset,False,counterfactual
6270,gus-dataset,True,original
6271,gus-dataset,False,counterfactual
6272,gus-dataset,True,original
6273,gus-dataset,False,counterfactual
6274,gus-dataset,False,original
6275,gus-dataset,True,counterfactual
6276,gus-dataset,True,original
6277,gus-dataset,False,counterfactual
6278,gus-dataset,True,original
6279,gus-dataset,False,counterfactual
6280,gus-dataset,True,original
6281,gus-dataset,False,counterfactual
6282,gus-dataset,True,original
6283,gus-dataset,False,counterfactual
6284,gus-dataset,True,original
6285,gus-dataset,False,counterfactual
6286,gus-dataset,True,original
6287,gus-dataset,False,counterfactual
6288,gus-dataset,True,original
6289,gus-dataset,False,counterfactual
6290,gus-dataset,True,original
6291,gus-dataset,False,counterfactual
6292,gus-dataset,True,original
6293,gus-dataset,False,counterfactual
6294,gus-dataset,False,original
6295,gus-dataset,True,counterfactual
6296,gus-dataset,False,original
6297,gus-dataset,True,original
6298,gus-dataset,False,counterfactual
6299,gus-dataset,False,original
6300,gus-dataset,True,counterfactual
6301,gus-dataset,True,original
6302,gus-dataset,False,counterfactual
6303,gus-dataset,True,original
6304,gus-dataset,False,counterfactual
6305,gus-dataset,True,original
6306,gus-dataset,False,counterfactual
6307,gus-dataset,True,original
6308,gus-dataset,False,counterfactual
6309,gus-dataset,True,original
6310,gus-dataset,False,counterfactual
6311,gus-dataset,False,original
6312,gus-dataset,True,counterfactual
6313,gus-dataset,True,original
6314,gus-dataset,False,counterfactual
6315,gus-dataset,True,original
6316,gus-dataset,False,counterfactual
6317,gus-dataset,True,original
6318,gus-dataset,False,counterfactual
6319,gus-dataset,True,original
6320,gus-dataset,False,counterfactual
6321,gus-dataset,True,original
6322,gus-dataset,False,counterfactual
6323,gus-dataset,True,original
6324,gus-dataset,False,counterfactual
6325,gus-dataset,True,original
6326,gus-dataset,False,counterfactual
6327,gus-dataset,True,original
6328,gus-dataset,False,counterfactual
6329,gus-dataset,True,original
6330,gus-dataset,False,counterfactual
6331,gus-dataset,True,original
6332,gus-dataset,False,counterfactual
6333,gus-dataset,True,original
6334,gus-dataset,False,counterfactual
6335,gus-dataset,True,original
6336,gus-dataset,False,counterfactual
6337,gus-dataset,True,original
6338,gus-dataset,False,counterfactual
6339,gus-dataset,True,original
6340,gus-dataset,False,counterfactual
6341,gus-dataset,True,original
6342,gus-dataset,False,counterfactual
6343,gus-dataset,True,original
6344,gus-dataset,False,counterfactual
6345,gus-dataset,True,original
6346,gus-dataset,False,counterfactual
6347,gus-dataset,True,original
6348,gus-dataset,False,counterfactual
6349,gus-dataset,True,original
6350,gus-dataset,False,counterfactual
6351,gus-dataset,True,original
6352,gus-dataset,False,counterfactual
6353,gus-dataset,False,original
6354,gus-dataset,True,counterfactual
6355,gus-dataset,True,original
6356,gus-dataset,False,counterfactual
6357,gus-dataset,True,original
6358,gus-dataset,False,counterfactual
6359,gus-dataset,True,original
6360,gus-dataset,False,counterfactual
6361,gus-dataset,False,original
6362,gus-dataset,True,counterfactual
6363,gus-dataset,True,original
6364,gus-dataset,False,counterfactual
6365,gus-dataset,True,original
6366,gus-dataset,False,counterfactual
6367,gus-dataset,True,original
6368,gus-dataset,False,counterfactual
6369,gus-dataset,True,original
6370,gus-dataset,False,counterfactual
6371,gus-dataset,False,original
6372,gus-dataset,True,counterfactual
6373,gus-dataset,True,original
6374,gus-dataset,False,counterfactual
6375,gus-dataset,True,original
6376,gus-dataset,False,counterfactual
6377,gus-dataset,True,original
6378,gus-dataset,False,counterfactual
6379,gus-dataset,True,original
6380,gus-dataset,False,counterfactual
6381,gus-dataset,True,original
6382,gus-dataset,False,counterfactual
6383,gus-dataset,True,original
6384,gus-dataset,False,counterfactual
6385,gus-dataset,True,original
6386,gus-dataset,False,counterfactual
6387,gus-dataset,True,original
6388,gus-dataset,False,counterfactual
6389,gus-dataset,True,original
6390,gus-dataset,False,counterfactual
6391,gus-dataset,True,original
6392,gus-dataset,False,counterfactual
6393,gus-dataset,True,original
6394,gus-dataset,False,counterfactual
6395,gus-dataset,False,original
6396,gus-dataset,True,counterfactual
6397,gus-dataset,True,original
6398,gus-dataset,False,counterfactual
6399,gus-dataset,True,original
6400,gus-dataset,False,counterfactual
6401,gus-dataset,True,original
6402,gus-dataset,False,counterfactual
6403,gus-dataset,True,original
6404,gus-dataset,False,counterfactual
6405,gus-dataset,True,original
6406,gus-dataset,False,counterfactual
6407,gus-dataset,True,original
6408,gus-dataset,False,counterfactual
6409,gus-dataset,True,original
6410,gus-dataset,False,counterfactual
6411,gus-dataset,True,original
6412,gus-dataset,False,counterfactual
6413,gus-dataset,True,original
6414,gus-dataset,False,counterfactual
6415,gus-dataset,True,original
6416,gus-dataset,False,counterfactual
6417,gus-dataset,True,original
6418,gus-dataset,False,counterfactual
6419,gus-dataset,True,original
6420,gus-dataset,False,counterfactual
6421,gus-dataset,True,original
6422,gus-dataset,False,counterfactual
6423,gus-dataset,True,original
6424,gus-dataset,False,counterfactual
6425,gus-dataset,True,original
6426,gus-dataset,False,counterfactual
6427,gus-dataset,True,original
6428,gus-dataset,False,counterfactual
6429,gus-dataset,True,original
6430,gus-dataset,False,counterfactual
6431,gus-dataset,False,original
6432,gus-dataset,True,counterfactual
6433,gus-dataset,True,original
6434,gus-dataset,False,counterfactual
6435,gus-dataset,True,original
6436,gus-dataset,False,counterfactual
6437,gus-dataset,True,original
6438,gus-dataset,False,counterfactual
6439,gus-dataset,False,original
6440,gus-dataset,True,counterfactual
6441,gus-dataset,True,original
6442,gus-dataset,False,counterfactual
6443,gus-dataset,True,original
6444,gus-dataset,False,counterfactual
6445,gus-dataset,True,original
6446,gus-dataset,False,counterfactual
6447,gus-dataset,False,original
6448,gus-dataset,True,counterfactual
6449,gus-dataset,False,original
6450,gus-dataset,True,counterfactual
6451,gus-dataset,True,original
6452,gus-dataset,False,counterfactual
6453,gus-dataset,True,original
6454,gus-dataset,False,counterfactual
6455,gus-dataset,True,original
6456,gus-dataset,False,counterfactual
6457,gus-dataset,True,original
6458,gus-dataset,False,counterfactual
6459,gus-dataset,True,original
6460,gus-dataset,False,counterfactual
6461,gus-dataset,True,original
6462,gus-dataset,False,counterfactual
6463,gus-dataset,True,original
6464,gus-dataset,False,counterfactual
6465,gus-dataset,True,original
6466,gus-dataset,False,counterfactual
6467,gus-dataset,True,original
6468,gus-dataset,False,counterfactual
6469,gus-dataset,True,original
6470,gus-dataset,False,counterfactual
6471,gus-dataset,False,original
6472,gus-dataset,True,counterfactual
6473,gus-dataset,False,original
6474,gus-dataset,True,counterfactual
6475,gus-dataset,True,original
6476,gus-dataset,False,counterfactual
6477,gus-dataset,True,original
6478,gus-dataset,False,counterfactual
6479,gus-dataset,True,original
6480,gus-dataset,False,counterfactual
6481,gus-dataset,False,original
6482,gus-dataset,True,counterfactual
6483,gus-dataset,True,original
6484,gus-dataset,False,counterfactual
6485,gus-dataset,False,original
6486,gus-dataset,True,counterfactual
6487,gus-dataset,True,original
6488,gus-dataset,False,counterfactual
6489,gus-dataset,True,original
6490,gus-dataset,False,counterfactual
6491,gus-dataset,False,original
6492,gus-dataset,True,counterfactual
6493,gus-dataset,False,original
6494,gus-dataset,True,counterfactual
6495,gus-dataset,True,original
6496,gus-dataset,False,counterfactual
6497,gus-dataset,True,original
6498,gus-dataset,False,counterfactual
6499,gus-dataset,True,original
6500,gus-dataset,False,counterfactual
6501,gus-dataset,True,original
6502,gus-dataset,False,counterfactual
6503,gus-dataset,True,original
6504,gus-dataset,False,counterfactual
6505,gus-dataset,True,original
6506,gus-dataset,False,counterfactual
6507,gus-dataset,True,original
6508,gus-dataset,False,counterfactual
6509,gus-dataset,True,original
6510,gus-dataset,False,counterfactual
6511,gus-dataset,False,original
6512,gus-dataset,True,counterfactual
6513,gus-dataset,True,original
6514,gus-dataset,False,counterfactual
6515,gus-dataset,True,original
6516,gus-dataset,False,counterfactual
6517,gus-dataset,True,original
6518,gus-dataset,False,counterfactual
6519,gus-dataset,False,original
6520,gus-dataset,True,counterfactual
6521,gus-dataset,True,original
6522,gus-dataset,False,counterfactual
6523,gus-dataset,True,original
6524,gus-dataset,False,counterfactual
6525,gus-dataset,True,original
6526,gus-dataset,False,counterfactual
6527,gus-dataset,True,original
6528,gus-dataset,False,counterfactual
6529,gus-dataset,True,original
6530,gus-dataset,False,counterfactual
6531,gus-dataset,True,original
6532,gus-dataset,False,counterfactual
6533,gus-dataset,True,original
6534,gus-dataset,False,counterfactual
6535,gus-dataset,True,original
6536,gus-dataset,False,counterfactual
6537,gus-dataset,True,original
6538,gus-dataset,False,counterfactual
6539,gus-dataset,False,original
6540,gus-dataset,True,counterfactual
6541,gus-dataset,True,original
6542,gus-dataset,False,counterfactual
6543,gus-dataset,True,original
6544,gus-dataset,False,counterfactual
6545,gus-dataset,True,original
6546,gus-dataset,False,counterfactual
6547,gus-dataset,False,original
6548,gus-dataset,True,counterfactual
6549,gus-dataset,True,original
6550,gus-dataset,False,counterfactual
6551,gus-dataset,True,original
6552,gus-dataset,False,counterfactual
6553,gus-dataset,True,original
6554,gus-dataset,False,counterfactual
6555,gus-dataset,True,original
6556,gus-dataset,False,counterfactual
6557,gus-dataset,False,original
6558,gus-dataset,True,counterfactual
6559,gus-dataset,True,original
6560,gus-dataset,False,counterfactual
6561,gus-dataset,False,original
6562,gus-dataset,True,counterfactual
6563,gus-dataset,True,original
6564,gus-dataset,False,counterfactual
6565,gus-dataset,False,original
6566,gus-dataset,True,counterfactual
6567,gus-dataset,False,original
6568,gus-dataset,True,counterfactual
6569,gus-dataset,True,original
6570,gus-dataset,False,counterfactual
6571,gus-dataset,True,original
6572,gus-dataset,False,counterfactual
6573,gus-dataset,True,original
6574,gus-dataset,False,counterfactual
6575,gus-dataset,True,original
6576,gus-dataset,False,counterfactual
6577,gus-dataset,True,original
6578,gus-dataset,False,counterfactual
6579,gus-dataset,True,original
6580,gus-dataset,False,counterfactual
6581,gus-dataset,True,original
6582,gus-dataset,False,counterfactual
6583,gus-dataset,True,original
6584,gus-dataset,False,counterfactual
6585,gus-dataset,True,original
6586,gus-dataset,False,counterfactual
6587,gus-dataset,True,original
6588,gus-dataset,False,counterfactual
6589,gus-dataset,True,original
6590,gus-dataset,False,counterfactual
6591,gus-dataset,True,original
6592,gus-dataset,False,counterfactual
6593,gus-dataset,True,original
6594,gus-dataset,False,counterfactual
6595,gus-dataset,False,original
6596,gus-dataset,True,counterfactual
6597,gus-dataset,True,original
6598,gus-dataset,False,counterfactual
6599,gus-dataset,True,original
6600,gus-dataset,False,counterfactual
6601,gus-dataset,True,original
6602,gus-dataset,False,counterfactual
6603,gus-dataset,True,original
6604,gus-dataset,False,counterfactual
6605,gus-dataset,True,original
6606,gus-dataset,False,counterfactual
6607,gus-dataset,True,original
6608,gus-dataset,False,counterfactual
6609,gus-dataset,True,original
6610,gus-dataset,False,counterfactual
6611,gus-dataset,True,original
6612,gus-dataset,False,counterfactual
6613,gus-dataset,True,original
6614,gus-dataset,False,counterfactual
6615,gus-dataset,True,original
6616,gus-dataset,False,counterfactual
6617,gus-dataset,False,original
6618,gus-dataset,True,counterfactual
6619,gus-dataset,True,original
6620,gus-dataset,False,counterfactual
6621,gus-dataset,True,original
6622,gus-dataset,False,counterfactual
6623,gus-dataset,True,original
6624,gus-dataset,False,counterfactual
6625,gus-dataset,True,original
6626,gus-dataset,False,counterfactual
6627,gus-dataset,True,original
6628,gus-dataset,False,counterfactual
6629,gus-dataset,False,original
6630,gus-dataset,True,counterfactual
6631,gus-dataset,True,original
6632,gus-dataset,False,counterfactual
6633,gus-dataset,True,original
6634,gus-dataset,False,counterfactual
6635,gus-dataset,True,original
6636,gus-dataset,False,counterfactual
6637,gus-dataset,True,original
6638,gus-dataset,False,counterfactual
6639,gus-dataset,True,original
6640,gus-dataset,False,counterfactual
6641,gus-dataset,True,original
6642,gus-dataset,False,counterfactual
6643,gus-dataset,False,original
6644,gus-dataset,True,original
6645,gus-dataset,False,counterfactual
6646,gus-dataset,False,original
6647,gus-dataset,True,counterfactual
6648,gus-dataset,True,original
6649,gus-dataset,False,counterfactual
6650,gus-dataset,True,original
6651,gus-dataset,False,counterfactual
6652,gus-dataset,True,original
6653,gus-dataset,False,counterfactual
6654,gus-dataset,True,original
6655,gus-dataset,False,counterfactual
6656,gus-dataset,True,original
6657,gus-dataset,False,counterfactual
6658,gus-dataset,True,original
6659,gus-dataset,False,counterfactual
6660,gus-dataset,False,original
6661,gus-dataset,True,counterfactual
6662,gus-dataset,False,original
6663,gus-dataset,True,counterfactual
6664,gus-dataset,True,original
6665,gus-dataset,False,counterfactual
6666,gus-dataset,True,original
6667,gus-dataset,False,counterfactual
6668,gus-dataset,True,original
6669,gus-dataset,False,counterfactual
6670,gus-dataset,True,original
6671,gus-dataset,False,counterfactual
6672,gus-dataset,True,original
6673,gus-dataset,False,counterfactual
6674,gus-dataset,True,original
6675,gus-dataset,False,counterfactual
6676,gus-dataset,True,original
6677,gus-dataset,False,counterfactual
6678,gus-dataset,True,original
6679,gus-dataset,False,counterfactual
6680,gus-dataset,True,original
6681,gus-dataset,False,counterfactual
6682,gus-dataset,True,original
6683,gus-dataset,False,counterfactual
6684,gus-dataset,True,original
6685,gus-dataset,False,counterfactual
6686,gus-dataset,True,original
6687,gus-dataset,False,counterfactual
6688,gus-dataset,True,original
6689,gus-dataset,False,counterfactual
6690,gus-dataset,True,original
6691,gus-dataset,False,counterfactual
6692,gus-dataset,True,original
6693,gus-dataset,False,counterfactual
6694,gus-dataset,True,original
6695,gus-dataset,False,counterfactual
6696,gus-dataset,True,original
6697,gus-dataset,False,counterfactual
6698,gus-dataset,True,original
6699,gus-dataset,False,counterfactual
6700,gus-dataset,False,original
6701,gus-dataset,True,counterfactual
6702,gus-dataset,False,original
6703,gus-dataset,True,counterfactual
6704,gus-dataset,True,original
6705,gus-dataset,False,counterfactual
6706,gus-dataset,True,original
6707,gus-dataset,False,counterfactual
6708,gus-dataset,True,original
6709,gus-dataset,False,counterfactual
6710,gus-dataset,True,original
6711,gus-dataset,False,counterfactual
6712,gus-dataset,True,original
6713,gus-dataset,False,counterfactual
6714,gus-dataset,True,original
6715,gus-dataset,False,counterfactual
6716,gus-dataset,True,original
6717,gus-dataset,False,counterfactual
6718,gus-dataset,True,original
6719,gus-dataset,False,counterfactual
6720,gus-dataset,False,original
6721,gus-dataset,True,counterfactual
6722,gus-dataset,True,original
6723,gus-dataset,False,counterfactual
6724,gus-dataset,True,original
6725,gus-dataset,False,counterfactual
6726,gus-dataset,True,original
6727,gus-dataset,False,counterfactual
6728,gus-dataset,False,original
6729,gus-dataset,True,counterfactual
6730,gus-dataset,False,original
6731,gus-dataset,True,counterfactual
6732,gus-dataset,True,original
6733,gus-dataset,False,counterfactual
6734,gus-dataset,True,original
6735,gus-dataset,False,counterfactual
6736,gus-dataset,True,original
6737,gus-dataset,False,counterfactual
6738,gus-dataset,True,original
6739,gus-dataset,False,counterfactual
6740,gus-dataset,True,original
6741,gus-dataset,False,counterfactual
6742,gus-dataset,True,original
6743,gus-dataset,False,counterfactual
6744,gus-dataset,False,original
6745,gus-dataset,True,counterfactual
6746,gus-dataset,True,original
6747,gus-dataset,False,counterfactual
6748,gus-dataset,True,original
6749,gus-dataset,False,counterfactual
6750,gus-dataset,True,original
6751,gus-dataset,False,counterfactual
6752,gus-dataset,True,original
6753,gus-dataset,False,counterfactual
6754,gus-dataset,True,original
6755,gus-dataset,False,counterfactual
6756,gus-dataset,True,original
6757,gus-dataset,False,counterfactual
6758,gus-dataset,True,original
6759,gus-dataset,False,counterfactual
6760,gus-dataset,True,original
6761,gus-dataset,False,counterfactual
6762,gus-dataset,True,original
6763,gus-dataset,False,counterfactual
6764,gus-dataset,True,original
6765,gus-dataset,False,counterfactual
6766,gus-dataset,True,original
6767,gus-dataset,False,counterfactual
6768,gus-dataset,True,original
6769,gus-dataset,False,counterfactual
6770,gus-dataset,True,original
6771,gus-dataset,False,counterfactual
6772,gus-dataset,False,original
6773,gus-dataset,True,counterfactual
6774,gus-dataset,False,original
6775,gus-dataset,True,counterfactual
6776,gus-dataset,True,original
6777,gus-dataset,False,counterfactual
6778,gus-dataset,False,original
6779,gus-dataset,True,counterfactual
6780,gus-dataset,False,original
6781,gus-dataset,True,counterfactual
6782,gus-dataset,True,original
6783,gus-dataset,False,counterfactual
6784,gus-dataset,True,original
6785,gus-dataset,False,counterfactual
6786,gus-dataset,True,original
6787,gus-dataset,False,counterfactual
6788,gus-dataset,False,original
6789,gus-dataset,True,counterfactual
6790,gus-dataset,False,original
6791,gus-dataset,True,counterfactual
6792,gus-dataset,False,original
6793,gus-dataset,True,counterfactual
6794,gus-dataset,True,original
6795,gus-dataset,False,counterfactual
6796,gus-dataset,True,original
6797,gus-dataset,False,counterfactual
6798,gus-dataset,True,original
6799,gus-dataset,False,counterfactual
6800,gus-dataset,True,original
6801,gus-dataset,False,counterfactual
6802,gus-dataset,True,original
6803,gus-dataset,False,counterfactual
6804,gus-dataset,False,original
6805,gus-dataset,True,counterfactual
6806,gus-dataset,False,original
6807,gus-dataset,True,counterfactual
6808,gus-dataset,True,original
6809,gus-dataset,False,counterfactual
6810,gus-dataset,True,original
6811,gus-dataset,False,counterfactual
6812,gus-dataset,True,original
6813,gus-dataset,False,counterfactual
6814,gus-dataset,True,original
6815,gus-dataset,False,counterfactual
6816,gus-dataset,False,original
6817,gus-dataset,True,counterfactual
6818,gus-dataset,False,original
6819,gus-dataset,True,counterfactual
6820,gus-dataset,False,original
6821,gus-dataset,True,counterfactual
6822,gus-dataset,True,original
6823,gus-dataset,False,counterfactual
6824,gus-dataset,True,original
6825,gus-dataset,False,counterfactual
6826,gus-dataset,True,original
6827,gus-dataset,False,counterfactual
6828,gus-dataset,True,original
6829,gus-dataset,False,counterfactual
6830,gus-dataset,True,original
6831,gus-dataset,False,counterfactual
6832,gus-dataset,True,original
6833,gus-dataset,False,counterfactual
6834,gus-dataset,True,original
6835,gus-dataset,False,counterfactual
6836,gus-dataset,False,original
6837,gus-dataset,True,counterfactual
6838,gus-dataset,True,original
6839,gus-dataset,False,counterfactual
6840,gus-dataset,True,original
6841,gus-dataset,False,counterfactual
6842,gus-dataset,False,original
6843,gus-dataset,True,counterfactual
6844,gus-dataset,True,original
6845,gus-dataset,False,counterfactual
6846,gus-dataset,True,original
6847,gus-dataset,False,counterfactual
6848,gus-dataset,True,original
6849,gus-dataset,False,counterfactual
6850,gus-dataset,True,original
6851,gus-dataset,False,counterfactual
6852,gus-dataset,False,original
6853,gus-dataset,True,counterfactual
6854,gus-dataset,False,original
6855,gus-dataset,True,counterfactual
6856,gus-dataset,False,original
6857,gus-dataset,True,counterfactual
6858,gus-dataset,False,original
6859,gus-dataset,True,counterfactual
6860,gus-dataset,True,original
6861,gus-dataset,False,counterfactual
6862,gus-dataset,False,original
6863,gus-dataset,True,counterfactual
6864,gus-dataset,False,original
6865,gus-dataset,True,counterfactual
6866,gus-dataset,True,original
6867,gus-dataset,False,counterfactual
6868,gus-dataset,True,original
6869,gus-dataset,False,counterfactual
6870,gus-dataset,True,original
6871,gus-dataset,False,counterfactual
6872,gus-dataset,True,original
6873,gus-dataset,False,counterfactual
6874,gus-dataset,True,original
6875,gus-dataset,False,counterfactual
6876,gus-dataset,True,original
6877,gus-dataset,True,original
6878,gus-dataset,False,counterfactual
6879,gus-dataset,True,original
6880,gus-dataset,False,counterfactual
6881,gus-dataset,True,original
6882,gus-dataset,False,counterfactual
6883,gus-dataset,False,original
6884,gus-dataset,True,counterfactual
6885,gus-dataset,True,original
6886,gus-dataset,False,counterfactual
6887,gus-dataset,True,original
6888,gus-dataset,False,counterfactual
6889,gus-dataset,True,original
6890,gus-dataset,False,counterfactual
6891,gus-dataset,True,original
6892,gus-dataset,False,counterfactual
6893,gus-dataset,True,original
6894,gus-dataset,False,counterfactual
6895,gus-dataset,True,original
6896,gus-dataset,False,counterfactual
6897,gus-dataset,True,original
6898,gus-dataset,False,counterfactual
6899,gus-dataset,True,original
6900,gus-dataset,False,counterfactual
6901,gus-dataset,False,original
6902,gus-dataset,True,counterfactual
6903,gus-dataset,False,original
6904,gus-dataset,True,counterfactual
6905,gus-dataset,True,original
6906,gus-dataset,False,counterfactual
6907,gus-dataset,False,original
6908,gus-dataset,True,counterfactual
6909,gus-dataset,True,original
6910,gus-dataset,False,counterfactual
6911,gus-dataset,False,original
6912,gus-dataset,True,counterfactual
6913,gus-dataset,False,original
6914,gus-dataset,True,counterfactual
6915,gus-dataset,False,original
6916,gus-dataset,True,counterfactual
6917,gus-dataset,False,original
6918,gus-dataset,True,counterfactual
6919,gus-dataset,True,original
6920,gus-dataset,False,counterfactual
6921,gus-dataset,True,original
6922,gus-dataset,False,counterfactual
6923,gus-dataset,True,original
6924,gus-dataset,False,counterfactual
6925,gus-dataset,True,original
6926,gus-dataset,False,counterfactual
6927,gus-dataset,False,original
6928,gus-dataset,True,counterfactual
6929,gus-dataset,True,original
6930,gus-dataset,False,counterfactual
6931,gus-dataset,False,original
6932,gus-dataset,True,counterfactual
6933,gus-dataset,True,original
6934,gus-dataset,False,counterfactual
6935,gus-dataset,True,original
6936,gus-dataset,False,counterfactual
6937,gus-dataset,True,original
6938,gus-dataset,False,counterfactual
6939,gus-dataset,False,original
6940,gus-dataset,True,counterfactual
6941,gus-dataset,True,original
6942,gus-dataset,False,counterfactual
6943,gus-dataset,True,original
6944,gus-dataset,False,counterfactual
6945,gus-dataset,False,original
6946,gus-dataset,True,counterfactual
6947,gus-dataset,False,original
6948,gus-dataset,True,counterfactual
6949,gus-dataset,True,original
6950,gus-dataset,False,counterfactual
6951,gus-dataset,True,original
6952,gus-dataset,False,counterfactual
6953,gus-dataset,False,original
6954,gus-dataset,True,counterfactual
6955,gus-dataset,True,original
6956,gus-dataset,False,counterfactual
6957,gus-dataset,True,original
6958,gus-dataset,False,counterfactual
6959,gus-dataset,False,original
6960,gus-dataset,True,counterfactual
6961,gus-dataset,False,original
6962,gus-dataset,True,counterfactual
6963,gus-dataset,True,original
6964,gus-dataset,False,counterfactual
6965,gus-dataset,False,original
6966,gus-dataset,True,counterfactual
6967,gus-dataset,True,original
6968,gus-dataset,False,counterfactual
6969,gus-dataset,True,original
6970,gus-dataset,False,counterfactual
6971,gus-dataset,False,original
6972,gus-dataset,True,counterfactual
6973,gus-dataset,True,original
6974,gus-dataset,False,counterfactual
6975,gus-dataset,True,original
6976,gus-dataset,False,counterfactual
6977,gus-dataset,True,original
6978,gus-dataset,False,counterfactual
6979,gus-dataset,True,original
6980,gus-dataset,False,counterfactual
6981,gus-dataset,True,original
6982,gus-dataset,False,counterfactual
6983,gus-dataset,True,original
6984,gus-dataset,False,counterfactual
6985,gus-dataset,True,original
6986,gus-dataset,False,counterfactual
6987,gus-dataset,True,original
6988,gus-dataset,False,counterfactual
6989,gus-dataset,True,original
6990,gus-dataset,False,counterfactual
6991,gus-dataset,False,original
6992,gus-dataset,True,counterfactual
6993,gus-dataset,True,original
6994,gus-dataset,False,counterfactual
6995,gus-dataset,True,original
6996,gus-dataset,False,counterfactual
6997,gus-dataset,True,original
6998,gus-dataset,False,counterfactual
6999,gus-dataset,False,original
7000,gus-dataset,True,counterfactual
7001,gus-dataset,True,original
7002,gus-dataset,False,counterfactual
7003,gus-dataset,True,original
7004,gus-dataset,False,counterfactual
7005,gus-dataset,True,original
7006,gus-dataset,False,counterfactual
7007,gus-dataset,False,original
7008,gus-dataset,True,counterfactual
7009,gus-dataset,False,original
7010,gus-dataset,True,counterfactual
7011,gus-dataset,False,original
7012,gus-dataset,True,counterfactual
7013,gus-dataset,True,original
7014,gus-dataset,False,counterfactual
7015,gus-dataset,True,original
7016,gus-dataset,False,counterfactual
7017,gus-dataset,True,original
7018,gus-dataset,False,counterfactual
7019,gus-dataset,True,original
7020,gus-dataset,False,counterfactual
7021,gus-dataset,True,original
7022,gus-dataset,False,counterfactual
7023,gus-dataset,True,original
7024,gus-dataset,False,counterfactual
7025,gus-dataset,True,original
7026,gus-dataset,False,counterfactual
7027,gus-dataset,True,original
7028,gus-dataset,False,counterfactual
7029,gus-dataset,True,original
7030,gus-dataset,False,counterfactual
7031,gus-dataset,False,original
7032,gus-dataset,True,counterfactual
7033,gus-dataset,True,original
7034,gus-dataset,False,counterfactual
7035,gus-dataset,True,original
7036,gus-dataset,False,counterfactual
7037,gus-dataset,False,original
7038,gus-dataset,True,counterfactual
7039,gus-dataset,True,original
7040,gus-dataset,False,counterfactual
7041,gus-dataset,True,original
7042,gus-dataset,False,counterfactual
7043,gus-dataset,True,original
7044,gus-dataset,False,counterfactual
7045,gus-dataset,True,original
7046,gus-dataset,False,counterfactual
7047,gus-dataset,True,original
7048,gus-dataset,False,counterfactual
7049,gus-dataset,True,original
7050,gus-dataset,False,counterfactual
7051,gus-dataset,False,original
7052,gus-dataset,True,counterfactual
7053,gus-dataset,True,original
7054,gus-dataset,False,counterfactual
7055,gus-dataset,True,original
7056,gus-dataset,False,counterfactual
7057,gus-dataset,True,original
7058,gus-dataset,False,counterfactual
7059,gus-dataset,True,original
7060,gus-dataset,False,counterfactual
7061,gus-dataset,True,original
7062,gus-dataset,False,counterfactual
7063,gus-dataset,True,original
7064,gus-dataset,False,counterfactual
7065,gus-dataset,True,original
7066,gus-dataset,False,counterfactual
7067,gus-dataset,True,original
7068,gus-dataset,False,counterfactual
7069,gus-dataset,True,original
7070,gus-dataset,False,counterfactual
7071,gus-dataset,False,original
7072,gus-dataset,True,counterfactual
7073,gus-dataset,False,original
7074,gus-dataset,True,counterfactual
7075,gus-dataset,True,original
7076,gus-dataset,False,counterfactual
7077,gus-dataset,False,original
7078,gus-dataset,True,counterfactual
7079,gus-dataset,True,original
7080,gus-dataset,False,counterfactual
7081,gus-dataset,False,original
7082,gus-dataset,True,counterfactual
7083,gus-dataset,True,original
7084,gus-dataset,False,counterfactual
7085,gus-dataset,True,original
7086,gus-dataset,False,counterfactual
7087,gus-dataset,False,original
7088,gus-dataset,True,counterfactual
7089,gus-dataset,True,original
7090,gus-dataset,False,counterfactual
7091,gus-dataset,True,original
7092,gus-dataset,False,counterfactual
7093,gus-dataset,True,original
7094,gus-dataset,False,counterfactual
7095,gus-dataset,True,original
7096,gus-dataset,False,counterfactual
7097,gus-dataset,True,original
7098,gus-dataset,False,counterfactual
7099,gus-dataset,True,original
7100,gus-dataset,False,counterfactual
7101,gus-dataset,True,original
7102,gus-dataset,False,counterfactual
7103,gus-dataset,False,original
7104,gus-dataset,True,counterfactual
7105,gus-dataset,True,original
7106,gus-dataset,False,counterfactual
7107,gus-dataset,True,original
7108,gus-dataset,False,counterfactual
7109,gus-dataset,True,original
7110,gus-dataset,False,counterfactual
7111,gus-dataset,False,original
7112,gus-dataset,True,counterfactual
7113,gus-dataset,True,original
7114,gus-dataset,False,counterfactual
7115,gus-dataset,False,original
7116,gus-dataset,True,counterfactual
7117,gus-dataset,True,original
7118,gus-dataset,False,counterfactual
7119,gus-dataset,True,original
7120,gus-dataset,False,counterfactual
7121,gus-dataset,True,original
7122,gus-dataset,False,counterfactual
7123,gus-dataset,False,original
7124,gus-dataset,True,counterfactual
7125,gus-dataset,True,counterfactual
7126,gus-dataset,True,original
7127,gus-dataset,False,counterfactual
7128,gus-dataset,True,original
7129,gus-dataset,False,counterfactual
7130,gus-dataset,True,original
7131,gus-dataset,False,counterfactual
7132,gus-dataset,True,original
7133,gus-dataset,False,counterfactual
7134,gus-dataset,True,original
7135,gus-dataset,False,counterfactual
7136,gus-dataset,True,original
7137,gus-dataset,False,counterfactual
7138,gus-dataset,True,original
7139,gus-dataset,False,counterfactual
7140,gus-dataset,True,original
7141,gus-dataset,False,counterfactual
7142,gus-dataset,True,original
7143,gus-dataset,False,counterfactual
7144,gus-dataset,True,original
7145,gus-dataset,False,counterfactual
7146,gus-dataset,True,original
7147,gus-dataset,False,counterfactual
7148,gus-dataset,True,original
7149,gus-dataset,False,counterfactual
7150,gus-dataset,True,original
7151,gus-dataset,False,counterfactual
7152,gus-dataset,True,original
7153,gus-dataset,False,counterfactual
7154,gus-dataset,True,original
7155,gus-dataset,False,counterfactual
7156,gus-dataset,True,original
7157,gus-dataset,False,counterfactual
7158,gus-dataset,True,original
7159,gus-dataset,False,counterfactual
7160,gus-dataset,True,original
7161,gus-dataset,False,counterfactual
7162,gus-dataset,False,original
7163,gus-dataset,True,counterfactual
7164,gus-dataset,True,original
7165,gus-dataset,False,counterfactual
7166,gus-dataset,True,original
7167,gus-dataset,False,counterfactual
7168,gus-dataset,True,original
7169,gus-dataset,False,counterfactual
7170,gus-dataset,True,original
7171,gus-dataset,False,counterfactual
7172,gus-dataset,True,original
7173,gus-dataset,False,counterfactual
7174,gus-dataset,True,original
7175,gus-dataset,False,counterfactual
7176,gus-dataset,True,original
7177,gus-dataset,False,counterfactual
7178,gus-dataset,True,original
7179,gus-dataset,False,counterfactual
7180,gus-dataset,True,original
7181,gus-dataset,False,counterfactual
7182,gus-dataset,True,original
7183,gus-dataset,False,counterfactual
7184,gus-dataset,True,original
7185,gus-dataset,False,counterfactual
7186,gus-dataset,True,original
7187,gus-dataset,False,counterfactual
7188,gus-dataset,True,original
7189,gus-dataset,False,counterfactual
7190,gus-dataset,True,original
7191,gus-dataset,False,counterfactual
7192,gus-dataset,True,original
7193,gus-dataset,False,counterfactual
7194,gus-dataset,True,original
7195,gus-dataset,False,counterfactual
7196,gus-dataset,True,original
7197,gus-dataset,False,counterfactual
7198,gus-dataset,False,original
7199,gus-dataset,True,counterfactual
7200,gus-dataset,True,original
7201,gus-dataset,False,counterfactual
7202,gus-dataset,True,original
7203,gus-dataset,False,counterfactual
7204,gus-dataset,True,original
7205,gus-dataset,False,counterfactual
7206,gus-dataset,True,original
7207,gus-dataset,False,counterfactual
7208,gus-dataset,True,original
7209,gus-dataset,False,counterfactual
7210,gus-dataset,False,original
7211,gus-dataset,True,counterfactual
7212,gus-dataset,True,original
7213,gus-dataset,False,counterfactual
7214,gus-dataset,True,original
7215,gus-dataset,False,counterfactual
7216,gus-dataset,False,original
7217,gus-dataset,True,counterfactual
7218,gus-dataset,True,original
7219,gus-dataset,False,counterfactual
7220,gus-dataset,False,original
7221,gus-dataset,True,counterfactual
7222,gus-dataset,True,original
7223,gus-dataset,False,counterfactual
7224,gus-dataset,True,original
7225,gus-dataset,False,counterfactual
7226,gus-dataset,False,original
7227,gus-dataset,True,counterfactual
7228,gus-dataset,True,original
7229,gus-dataset,False,counterfactual
7230,gus-dataset,True,original
7231,gus-dataset,False,counterfactual
7232,gus-dataset,True,original
7233,gus-dataset,False,counterfactual
7234,gus-dataset,True,original
7235,gus-dataset,False,counterfactual
7236,gus-dataset,True,original
7237,gus-dataset,False,counterfactual
7238,gus-dataset,True,original
7239,gus-dataset,False,counterfactual
7240,gus-dataset,True,original
7241,gus-dataset,False,counterfactual
7242,gus-dataset,True,original
7243,gus-dataset,False,counterfactual
7244,gus-dataset,True,original
7245,gus-dataset,False,counterfactual
7246,gus-dataset,True,original
7247,gus-dataset,False,counterfactual
7248,gus-dataset,True,original
7249,gus-dataset,False,counterfactual
7250,gus-dataset,True,original
7251,gus-dataset,False,counterfactual
7252,gus-dataset,False,original
7253,gus-dataset,True,counterfactual
7254,gus-dataset,True,original
7255,gus-dataset,False,counterfactual
7256,gus-dataset,True,original
7257,gus-dataset,False,counterfactual
7258,gus-dataset,True,original
7259,gus-dataset,False,counterfactual
7260,gus-dataset,False,original
7261,gus-dataset,True,counterfactual
7262,gus-dataset,False,original
7263,gus-dataset,True,counterfactual
7264,gus-dataset,True,original
7265,gus-dataset,False,counterfactual
7266,gus-dataset,True,original
7267,gus-dataset,False,counterfactual
7268,gus-dataset,False,original
7269,gus-dataset,True,counterfactual
7270,gus-dataset,True,original
7271,gus-dataset,False,counterfactual
7272,gus-dataset,True,original
7273,gus-dataset,False,counterfactual
7274,gus-dataset,True,original
7275,gus-dataset,False,counterfactual
7276,gus-dataset,True,original
7277,gus-dataset,False,counterfactual
7278,gus-dataset,True,original
7279,gus-dataset,False,counterfactual
7280,gus-dataset,True,original
7281,gus-dataset,False,counterfactual
7282,gus-dataset,True,original
7283,gus-dataset,False,counterfactual
7284,gus-dataset,False,original
7285,gus-dataset,True,counterfactual
7286,gus-dataset,True,original
7287,gus-dataset,False,counterfactual
7288,gus-dataset,True,original
7289,gus-dataset,False,counterfactual
7290,gus-dataset,False,original
7291,gus-dataset,True,counterfactual
7292,gus-dataset,True,original
7293,gus-dataset,False,counterfactual
7294,gus-dataset,True,original
7295,gus-dataset,False,counterfactual
7296,gus-dataset,True,original
7297,gus-dataset,False,counterfactual
7298,gus-dataset,True,original
7299,gus-dataset,False,counterfactual
7300,gus-dataset,False,original
7301,gus-dataset,True,counterfactual
7302,gus-dataset,False,original
7303,gus-dataset,True,counterfactual
7304,gus-dataset,True,original
7305,gus-dataset,False,counterfactual
7306,gus-dataset,False,original
7307,gus-dataset,True,counterfactual
7308,gus-dataset,True,original
7309,gus-dataset,False,counterfactual
7310,gus-dataset,True,original
7311,gus-dataset,False,counterfactual
7312,gus-dataset,True,original
7313,gus-dataset,False,counterfactual
7314,gus-dataset,True,original
7315,gus-dataset,False,counterfactual
7316,gus-dataset,True,original
7317,gus-dataset,False,counterfactual
7318,gus-dataset,True,original
7319,gus-dataset,False,counterfactual
7320,gus-dataset,True,original
7321,gus-dataset,False,counterfactual
7322,gus-dataset,True,original
7323,gus-dataset,False,counterfactual
7324,gus-dataset,True,original
7325,gus-dataset,False,counterfactual
7326,gus-dataset,False,original
7327,gus-dataset,True,original
7328,gus-dataset,False,counterfactual
7329,gus-dataset,True,original
7330,gus-dataset,False,counterfactual
7331,gus-dataset,True,original
7332,gus-dataset,False,counterfactual
7333,gus-dataset,True,original
7334,gus-dataset,False,counterfactual
7335,gus-dataset,True,original
7336,gus-dataset,False,counterfactual
7337,gus-dataset,True,original
7338,gus-dataset,False,counterfactual
7339,gus-dataset,True,original
7340,gus-dataset,False,counterfactual
7341,gus-dataset,True,original
7342,gus-dataset,False,counterfactual
7343,gus-dataset,False,original
7344,gus-dataset,True,original
7345,gus-dataset,False,counterfactual
7346,gus-dataset,True,original
7347,gus-dataset,False,counterfactual
7348,gus-dataset,True,original
7349,gus-dataset,False,counterfactual
7350,gus-dataset,False,original
7351,gus-dataset,True,counterfactual
7352,gus-dataset,True,original
7353,gus-dataset,False,counterfactual
7354,gus-dataset,True,original
7355,gus-dataset,False,counterfactual
7356,gus-dataset,False,original
7357,gus-dataset,True,counterfactual
7358,gus-dataset,True,original
7359,gus-dataset,False,counterfactual
7360,gus-dataset,False,original
7361,gus-dataset,True,counterfactual
7362,gus-dataset,True,original
7363,gus-dataset,False,counterfactual
7364,gus-dataset,False,original
7365,gus-dataset,True,counterfactual
7366,gus-dataset,True,original
7367,gus-dataset,False,counterfactual
7368,gus-dataset,False,original
7369,gus-dataset,True,counterfactual
7370,gus-dataset,True,original
7371,gus-dataset,False,counterfactual
7372,gus-dataset,True,original
7373,gus-dataset,False,counterfactual
7374,gus-dataset,False,original
7375,gus-dataset,True,counterfactual
7376,gus-dataset,True,original
7377,gus-dataset,False,counterfactual
7378,gus-dataset,False,original
7379,gus-dataset,True,counterfactual
7380,gus-dataset,True,original
7381,gus-dataset,False,counterfactual
7382,gus-dataset,True,original
7383,gus-dataset,False,counterfactual
7384,gus-dataset,True,original
7385,gus-dataset,False,counterfactual
7386,gus-dataset,True,original
7387,gus-dataset,False,counterfactual
7388,gus-dataset,True,original
7389,gus-dataset,False,counterfactual
7390,gus-dataset,True,original
7391,gus-dataset,False,counterfactual
7392,gus-dataset,True,original
7393,gus-dataset,False,counterfactual
7394,gus-dataset,True,original
7395,gus-dataset,False,counterfactual
7396,gus-dataset,True,original
7397,gus-dataset,False,counterfactual
7398,gus-dataset,True,original
7399,gus-dataset,False,counterfactual
7400,gus-dataset,True,original
7401,gus-dataset,False,counterfactual
7402,gus-dataset,True,original
7403,gus-dataset,False,counterfactual
7404,gus-dataset,True,original
7405,gus-dataset,False,counterfactual
7406,gus-dataset,False,original
7407,gus-dataset,True,counterfactual
7408,gus-dataset,True,original
7409,gus-dataset,False,counterfactual
7410,gus-dataset,True,original
7411,gus-dataset,False,counterfactual
7412,gus-dataset,True,original
7413,gus-dataset,False,counterfactual
7414,gus-dataset,True,original
7415,gus-dataset,False,counterfactual
7416,gus-dataset,True,original
7417,gus-dataset,False,counterfactual
7418,gus-dataset,False,original
7419,gus-dataset,True,counterfactual
7420,gus-dataset,True,original
7421,gus-dataset,False,counterfactual
7422,gus-dataset,True,original
7423,gus-dataset,False,counterfactual
7424,gus-dataset,False,original
7425,gus-dataset,True,counterfactual
7426,gus-dataset,True,original
7427,gus-dataset,False,counterfactual
7428,gus-dataset,True,original
7429,gus-dataset,False,counterfactual
7430,gus-dataset,True,original
7431,gus-dataset,False,counterfactual
7432,gus-dataset,True,original
7433,gus-dataset,False,counterfactual
7434,gus-dataset,True,original
7435,gus-dataset,False,counterfactual
7436,gus-dataset,True,original
7437,gus-dataset,False,counterfactual
7438,gus-dataset,True,original
7439,gus-dataset,False,counterfactual
7440,gus-dataset,False,original
7441,gus-dataset,True,counterfactual
7442,gus-dataset,True,original
7443,gus-dataset,False,counterfactual
7444,gus-dataset,True,original
7445,gus-dataset,False,counterfactual
7446,gus-dataset,True,original
7447,gus-dataset,False,counterfactual
7448,gus-dataset,True,original
7449,gus-dataset,False,counterfactual
7450,gus-dataset,True,original
7451,gus-dataset,False,counterfactual
7452,gus-dataset,True,original
7453,gus-dataset,False,counterfactual
7454,gus-dataset,True,original
7455,gus-dataset,False,counterfactual
7456,gus-dataset,True,original
7457,gus-dataset,False,counterfactual
7458,gus-dataset,True,original
7459,gus-dataset,False,counterfactual
7460,gus-dataset,True,original
7461,gus-dataset,False,counterfactual
7462,gus-dataset,True,original
7463,gus-dataset,False,counterfactual
7464,gus-dataset,False,original
7465,gus-dataset,True,counterfactual
7466,gus-dataset,True,original
7467,gus-dataset,False,counterfactual
7468,gus-dataset,False,original
7469,gus-dataset,True,counterfactual
7470,gus-dataset,False,original
7471,gus-dataset,True,counterfactual
7472,gus-dataset,True,original
7473,gus-dataset,False,counterfactual
7474,gus-dataset,True,original
7475,gus-dataset,False,counterfactual
7476,gus-dataset,True,original
7477,gus-dataset,False,counterfactual
7478,gus-dataset,True,original
7479,gus-dataset,False,counterfactual
7480,gus-dataset,False,original
7481,gus-dataset,True,counterfactual
7482,gus-dataset,True,original
7483,gus-dataset,False,counterfactual
7484,gus-dataset,False,original
7485,gus-dataset,True,counterfactual
7486,gus-dataset,True,original
7487,gus-dataset,False,counterfactual
7488,gus-dataset,True,original
7489,gus-dataset,False,counterfactual
7490,gus-dataset,False,original
7491,gus-dataset,True,counterfactual
7492,gus-dataset,True,original
7493,gus-dataset,False,counterfactual
7494,gus-dataset,True,original
7495,gus-dataset,False,counterfactual
7496,gus-dataset,True,original
7497,gus-dataset,False,counterfactual
7498,gus-dataset,True,original
7499,gus-dataset,False,counterfactual
7500,gus-dataset,True,original
7501,gus-dataset,False,counterfactual
7502,gus-dataset,True,original
7503,gus-dataset,False,counterfactual
7504,gus-dataset,True,original
7505,gus-dataset,False,counterfactual
7506,gus-dataset,True,original
7507,gus-dataset,False,counterfactual
7508,gus-dataset,True,original
7509,gus-dataset,False,counterfactual
7510,gus-dataset,True,original
7511,gus-dataset,False,counterfactual
7512,gus-dataset,True,original
7513,gus-dataset,False,counterfactual
7514,gus-dataset,True,original
7515,gus-dataset,False,counterfactual
7516,gus-dataset,True,original
7517,gus-dataset,False,counterfactual
7518,gus-dataset,True,original
7519,gus-dataset,False,counterfactual
7520,gus-dataset,True,original
7521,gus-dataset,False,counterfactual
7522,gus-dataset,True,original
7523,gus-dataset,False,counterfactual
7524,gus-dataset,True,original
7525,gus-dataset,False,counterfactual
7526,gus-dataset,True,original
7527,gus-dataset,False,counterfactual
7528,gus-dataset,True,original
7529,gus-dataset,False,counterfactual
7530,gus-dataset,True,original
7531,gus-dataset,False,counterfactual
7532,gus-dataset,True,original
7533,gus-dataset,False,counterfactual
7534,gus-dataset,False,original
7535,gus-dataset,True,counterfactual
7536,gus-dataset,True,original
7537,gus-dataset,False,counterfactual
7538,gus-dataset,False,original
7539,gus-dataset,True,counterfactual
7540,gus-dataset,True,original
7541,gus-dataset,False,counterfactual
7542,gus-dataset,False,original
7543,gus-dataset,True,counterfactual
7544,gus-dataset,True,original
7545,gus-dataset,False,counterfactual
7546,gus-dataset,True,original
7547,gus-dataset,False,counterfactual
7548,gus-dataset,False,original
7549,gus-dataset,True,counterfactual
7550,gus-dataset,True,original
7551,gus-dataset,False,counterfactual
7552,gus-dataset,True,original
7553,gus-dataset,False,counterfactual
7554,gus-dataset,True,original
7555,gus-dataset,False,counterfactual
7556,gus-dataset,False,original
7557,gus-dataset,True,counterfactual
7558,gus-dataset,False,original
7559,gus-dataset,True,counterfactual
7560,gus-dataset,True,original
7561,gus-dataset,False,counterfactual
7562,gus-dataset,True,original
7563,gus-dataset,False,counterfactual
7564,gus-dataset,True,original
7565,gus-dataset,False,counterfactual
7566,gus-dataset,True,original
7567,gus-dataset,False,counterfactual
7568,gus-dataset,True,original
7569,gus-dataset,False,counterfactual
7570,gus-dataset,True,original
7571,gus-dataset,False,counterfactual
7572,gus-dataset,True,original
7573,gus-dataset,False,counterfactual
7574,gus-dataset,True,original
7575,gus-dataset,False,counterfactual
7576,gus-dataset,True,original
7577,gus-dataset,False,counterfactual
7578,gus-dataset,True,original
7579,gus-dataset,False,counterfactual
7580,gus-dataset,True,original
7581,gus-dataset,False,counterfactual
7582,gus-dataset,True,original
7583,gus-dataset,False,counterfactual
7584,gus-dataset,True,original
7585,gus-dataset,False,counterfactual
7586,gus-dataset,True,original
7587,gus-dataset,False,counterfactual
7588,gus-dataset,True,original
7589,gus-dataset,False,counterfactual
7590,gus-dataset,False,original
7591,gus-dataset,True,counterfactual
7592,gus-dataset,True,original
7593,gus-dataset,False,counterfactual
7594,gus-dataset,True,original
7595,gus-dataset,False,counterfactual
7596,gus-dataset,True,original
7597,gus-dataset,False,counterfactual
7598,gus-dataset,False,original
7599,gus-dataset,True,counterfactual
7600,gus-dataset,False,original
7601,gus-dataset,True,counterfactual
7602,gus-dataset,True,original
7603,gus-dataset,False,counterfactual
7604,gus-dataset,True,original
7605,gus-dataset,False,counterfactual
7606,gus-dataset,True,original
7607,gus-dataset,False,counterfactual
7608,gus-dataset,True,original
7609,gus-dataset,False,counterfactual
7610,gus-dataset,True,original
7611,gus-dataset,False,counterfactual
7612,gus-dataset,True,original
7613,gus-dataset,False,counterfactual
7614,gus-dataset,True,original
7615,gus-dataset,False,counterfactual
7616,gus-dataset,True,original
7617,gus-dataset,False,counterfactual
7618,gus-dataset,True,original
7619,gus-dataset,False,counterfactual
7620,gus-dataset,True,original
7621,gus-dataset,False,counterfactual
7622,gus-dataset,True,original
7623,gus-dataset,False,counterfactual
7624,gus-dataset,True,original
7625,gus-dataset,False,counterfactual
7626,gus-dataset,True,original
7627,gus-dataset,False,counterfactual
7628,gus-dataset,True,original
7629,gus-dataset,False,counterfactual
7630,gus-dataset,True,original
7631,gus-dataset,False,counterfactual
7632,gus-dataset,True,original
7633,gus-dataset,False,counterfactual
7634,gus-dataset,True,original
7635,gus-dataset,False,counterfactual
7636,gus-dataset,False,original
7637,gus-dataset,True,original
7638,gus-dataset,True,original
7639,gus-dataset,False,original
7640,gus-dataset,True,original
7641,gus-dataset,True,original
7642,gus-dataset,False,original
7643,gus-dataset,True,original
7644,gus-dataset,False,original
7645,gus-dataset,False,original
7646,gus-dataset,True,original
7647,gus-dataset,True,original
7648,gus-dataset,True,original
7649,gus-dataset,True,original
7650,gus-dataset,True,original
7651,gus-dataset,False,original
7652,gus-dataset,False,original
7653,gus-dataset,False,original
7654,gus-dataset,False,original
7655,gus-dataset,True,original
7656,gus-dataset,True,original
7657,gus-dataset,True,original
7658,gus-dataset,True,original
7659,gus-dataset,True,original
7660,gus-dataset,True,original
7661,gus-dataset,True,original
7662,gus-dataset,False,original
7663,gus-dataset,True,original
7664,gus-dataset,True,original
7665,gus-dataset,True,original
7666,gus-dataset,False,original
7667,gus-dataset,True,original
7668,gus-dataset,True,original
7669,gus-dataset,False,original
7670,gus-dataset,True,original
7671,gus-dataset,True,original
7672,gus-dataset,False,original
7673,gus-dataset,True,original
7674,gus-dataset,True,original
7675,gus-dataset,True,original
7676,gus-dataset,True,original
7677,gus-dataset,True,original
7678,gus-dataset,True,original
7679,gus-dataset,True,original
7680,gus-dataset,True,original
7681,gus-dataset,True,original
7682,gus-dataset,True,original
7683,gus-dataset,False,original
7684,gus-dataset,True,original
7685,gus-dataset,True,original
7686,gus-dataset,True,original
7687,gus-dataset,True,original
7688,gus-dataset,True,original
7689,gus-dataset,True,original
7690,gus-dataset,True,original
7691,gus-dataset,True,original
7692,gus-dataset,False,original
7693,gus-dataset,True,original
7694,gus-dataset,True,original
7695,gus-dataset,False,original
7696,gus-dataset,True,original
7697,gus-dataset,True,original
7698,gus-dataset,True,original
7699,gus-dataset,True,original
7700,gus-dataset,True,original
7701,gus-dataset,True,original
7702,gus-dataset,True,original
7703,gus-dataset,True,original
7704,gus-dataset,True,original
7705,gus-dataset,True,original
7706,gus-dataset,True,original
7707,gus-dataset,True,original
7708,gus-dataset,True,original
7709,gus-dataset,True,original
7710,gus-dataset,True,original
7711,gus-dataset,True,original
7712,gus-dataset,True,original
7713,gus-dataset,True,original
7714,gus-dataset,True,original
7715,gus-dataset,True,original
7716,gus-dataset,True,original
7717,gus-dataset,True,original
7718,gus-dataset,True,original
7719,gus-dataset,True,original
7720,gus-dataset,True,original
7721,gus-dataset,True,original
7722,gus-dataset,True,original
7723,gus-dataset,True,original
7724,gus-dataset,True,original
7725,gus-dataset,True,original
7726,gus-dataset,True,original
7727,gus-dataset,True,original
7728,gus-dataset,True,original
7729,gus-dataset,True,original
7730,gus-dataset,True,original
7731,gus-dataset,True,original
7732,gus-dataset,True,original
7733,gus-dataset,True,original
7734,gus-dataset,True,original
7735,gus-dataset,True,original
7736,gus-dataset,True,original
7737,gus-dataset,True,original
7738,gus-dataset,True,original
7739,gus-dataset,True,original
7740,gus-dataset,True,original
7741,gus-dataset,True,original
7742,gus-dataset,True,original
7743,gus-dataset,True,original
7744,gus-dataset,True,original
7745,gus-dataset,True,original
7746,gus-dataset,True,original
7747,gus-dataset,True,original
7748,gus-dataset,True,original
7749,gus-dataset,True,original
7750,gus-dataset,True,original
7751,gus-dataset,True,original
7752,gus-dataset,True,original
7753,gus-dataset,True,original
7754,gus-dataset,True,original
7755,gus-dataset,True,original
7756,gus-dataset,True,original
7757,gus-dataset,True,original
7758,gus-dataset,True,original
7759,gus-dataset,True,original
7760,gus-dataset,True,original
7761,gus-dataset,True,original
7762,gus-dataset,True,original
7763,gus-dataset,True,original
7764,gus-dataset,False,original
7765,gus-dataset,True,original
7766,gus-dataset,True,original
7767,gus-dataset,True,original
7768,gus-dataset,True,original
7769,gus-dataset,True,original
7770,gus-dataset,False,original
7771,gus-dataset,True,original
7772,gus-dataset,False,original
7773,gus-dataset,False,original
7774,gus-dataset,True,original
7775,gus-dataset,True,original
7776,gus-dataset,True,original
7777,gus-dataset,True,original
7778,gus-dataset,True,original
7779,gus-dataset,True,original
7780,gus-dataset,True,original
7781,gus-dataset,True,original
7782,gus-dataset,True,original
7783,gus-dataset,True,original
7784,gus-dataset,True,original
7785,gus-dataset,True,original
7786,gus-dataset,True,original
7787,gus-dataset,True,original
7788,gus-dataset,True,original
7789,gus-dataset,True,original
7790,gus-dataset,True,original
7791,gus-dataset,True,original
7792,gus-dataset,True,original
7793,gus-dataset,True,original
7794,gus-dataset,True,original
7795,gus-dataset,True,original
7796,gus-dataset,True,original
7797,gus-dataset,True,original
7798,gus-dataset,True,original
7799,gus-dataset,True,original
7800,gus-dataset,True,original
7801,gus-dataset,True,original
7802,gus-dataset,True,original
7803,gus-dataset,True,original
7804,gus-dataset,False,original
7805,gus-dataset,True,original
7806,gus-dataset,True,original
7807,gus-dataset,True,original
7808,gus-dataset,True,original
7809,gus-dataset,False,original
7810,gus-dataset,False,original
7811,gus-dataset,True,original
7812,gus-dataset,True,original
7813,gus-dataset,True,original
7814,gus-dataset,True,original
7815,gus-dataset,True,original
7816,gus-dataset,True,original
7817,gus-dataset,True,original
7818,gus-dataset,True,original
7819,gus-dataset,True,original
7820,gus-dataset,True,original
7821,gus-dataset,True,original
7822,gus-dataset,True,original
7823,gus-dataset,True,original
7824,gus-dataset,True,original
7825,gus-dataset,True,original
7826,gus-dataset,True,original
7827,gus-dataset,True,original
7828,gus-dataset,True,original
7829,gus-dataset,True,original
7830,gus-dataset,True,original
7831,gus-dataset,True,original
7832,gus-dataset,True,original
7833,gus-dataset,True,original
7834,gus-dataset,True,original
7835,gus-dataset,True,original
7836,gus-dataset,True,original
7837,gus-dataset,True,original
7838,gus-dataset,True,original
7839,gus-dataset,True,original
7840,gus-dataset,True,original
7841,gus-dataset,True,original
7842,gus-dataset,True,original
7843,gus-dataset,True,original
7844,gus-dataset,True,original
7845,gus-dataset,False,original
7846,gus-dataset,True,original
7847,gus-dataset,True,original
7848,gus-dataset,True,original
7849,gus-dataset,True,original
7850,gus-dataset,True,original
7851,gus-dataset,True,original
7852,gus-dataset,True,original
7853,gus-dataset,False,original
7854,gus-dataset,True,original
7855,gus-dataset,False,original
7856,gus-dataset,True,original
7857,gus-dataset,True,original
7858,gus-dataset,True,original
7859,gus-dataset,True,original
7860,gus-dataset,True,original
7861,gus-dataset,True,original
7862,gus-dataset,True,original
7863,gus-dataset,True,original
7864,gus-dataset,True,original
7865,gus-dataset,True,original
7866,gus-dataset,True,original
7867,gus-dataset,True,original
7868,gus-dataset,True,original
7869,gus-dataset,True,original
7870,gus-dataset,True,original
7871,gus-dataset,True,original
7872,gus-dataset,True,original
7873,gus-dataset,False,original
7874,gus-dataset,False,original
7875,gus-dataset,True,original
7876,gus-dataset,True,original
7877,gus-dataset,True,original
7878,gus-dataset,True,original
7879,gus-dataset,True,original
7880,gus-dataset,True,original
7881,gus-dataset,True,original
7882,gus-dataset,True,original
7883,gus-dataset,True,original
7884,gus-dataset,True,original
7885,gus-dataset,True,original
7886,gus-dataset,True,original
7887,gus-dataset,True,original
7888,gus-dataset,True,original
7889,gus-dataset,True,original
7890,gus-dataset,True,original
7891,gus-dataset,True,original
7892,gus-dataset,True,original
7893,gus-dataset,True,original
7894,gus-dataset,False,original
7895,gus-dataset,True,original
7896,gus-dataset,True,original
7897,gus-dataset,True,original
7898,gus-dataset,True,original
7899,gus-dataset,True,original
7900,gus-dataset,False,original
7901,gus-dataset,True,original
7902,gus-dataset,True,original
7903,gus-dataset,True,original
7904,gus-dataset,True,original
7905,gus-dataset,True,original
7906,gus-dataset,True,original
7907,gus-dataset,True,original
7908,gus-dataset,True,original
7909,gus-dataset,True,original
7910,gus-dataset,True,original
7911,gus-dataset,True,original
7912,gus-dataset,True,original
7913,gus-dataset,True,original
7914,gus-dataset,True,original
7915,gus-dataset,True,original
7916,gus-dataset,True,original
7917,gus-dataset,True,original
7918,gus-dataset,True,original
7919,gus-dataset,True,original
7920,gus-dataset,True,original
7921,gus-dataset,True,original
7922,gus-dataset,True,original
7923,gus-dataset,True,original
7924,gus-dataset,True,original
7925,gus-dataset,True,original
7926,gus-dataset,True,original
7927,gus-dataset,True,original
7928,gus-dataset,True,original
7929,gus-dataset,True,original
7930,gus-dataset,True,original
7931,gus-dataset,True,original
7932,gus-dataset,True,original
7933,gus-dataset,True,original
7934,gus-dataset,True,original
7935,gus-dataset,True,original
7936,gus-dataset,True,original
7937,gus-dataset,True,original
7938,gus-dataset,False,original
7939,gus-dataset,True,original
7940,gus-dataset,False,original
7941,gus-dataset,True,original
7942,gus-dataset,True,original
7943,gus-dataset,True,original
7944,gus-dataset,True,original
7945,gus-dataset,True,original
7946,gus-dataset,True,original
7947,gus-dataset,True,original
7948,gus-dataset,True,original
7949,gus-dataset,True,original
7950,gus-dataset,True,original
7951,gus-dataset,True,original
7952,gus-dataset,True,original
7953,gus-dataset,True,original
7954,gus-dataset,True,original
7955,gus-dataset,True,original
7956,gus-dataset,True,original
7957,gus-dataset,True,original
7958,gus-dataset,True,original
7959,gus-dataset,True,original
7960,gus-dataset,True,original
7961,gus-dataset,True,original
7962,gus-dataset,True,original
7963,gus-dataset,True,original
7964,gus-dataset,True,original
7965,gus-dataset,True,original
7966,gus-dataset,True,original
7967,gus-dataset,True,original
7968,gus-dataset,True,original
7969,gus-dataset,True,original
7970,gus-dataset,False,original
7971,gus-dataset,True,original
7972,gus-dataset,True,original
7973,gus-dataset,True,original
7974,gus-dataset,True,original
7975,gus-dataset,True,original
7976,gus-dataset,True,original
7977,gus-dataset,True,original
7978,gus-dataset,False,original
7979,gus-dataset,True,original
7980,gus-dataset,True,original
7981,gus-dataset,True,original
7982,gus-dataset,True,original
7983,gus-dataset,True,original
7984,gus-dataset,True,original
7985,gus-dataset,True,original
7986,gus-dataset,True,original
7987,gus-dataset,True,original
7988,gus-dataset,True,original
7989,gus-dataset,True,original
7990,gus-dataset,True,original
7991,gus-dataset,False,original
7992,gus-dataset,True,original
7993,gus-dataset,True,original
7994,gus-dataset,True,original
7995,gus-dataset,True,original
7996,gus-dataset,True,original
7997,gus-dataset,False,original
7998,gus-dataset,True,original
7999,gus-dataset,True,original
8000,gus-dataset,True,original
8001,gus-dataset,True,original
8002,gus-dataset,True,original
8003,gus-dataset,True,original
8004,gus-dataset,True,original
8005,gus-dataset,True,original
8006,gus-dataset,True,original
8007,gus-dataset,True,original
8008,gus-dataset,True,original
8009,gus-dataset,True,original
8010,gus-dataset,True,original
8011,gus-dataset,True,original
8012,gus-dataset,True,original
8013,gus-dataset,True,original
8014,gus-dataset,True,original
8015,gus-dataset,True,original
8016,gus-dataset,True,original
8017,gus-dataset,True,original
8018,gus-dataset,True,original
8019,gus-dataset,True,original
8020,gus-dataset,True,original
8021,gus-dataset,True,original
8022,gus-dataset,False,original
8023,gus-dataset,True,original
8024,gus-dataset,True,original
8025,gus-dataset,True,original
8026,gus-dataset,True,original
8027,gus-dataset,True,original
8028,gus-dataset,True,original
8029,gus-dataset,True,original
8030,gus-dataset,True,original
8031,gus-dataset,True,original
8032,gus-dataset,True,original
8033,gus-dataset,True,original
8034,gus-dataset,True,original
8035,gus-dataset,True,original
8036,gus-dataset,True,original
8037,gus-dataset,True,original
8038,gus-dataset,True,original
8039,gus-dataset,True,original
8040,gus-dataset,True,original
8041,gus-dataset,True,original
8042,gus-dataset,True,original
8043,gus-dataset,True,original
8044,gus-dataset,True,original
8045,gus-dataset,True,original
8046,gus-dataset,True,original
8047,gus-dataset,False,original
8048,gus-dataset,True,original
8049,gus-dataset,True,original
8050,gus-dataset,True,original
8051,gus-dataset,True,original
8052,gus-dataset,True,original
8053,gus-dataset,True,original
8054,gus-dataset,True,original
8055,gus-dataset,True,original
8056,gus-dataset,True,original
8057,gus-dataset,True,original
8058,gus-dataset,True,original
8059,gus-dataset,True,original
8060,gus-dataset,True,original
8061,gus-dataset,True,original
8062,gus-dataset,True,original
8063,gus-dataset,True,original
8064,gus-dataset,True,original
8065,gus-dataset,True,original
8066,gus-dataset,True,original
8067,gus-dataset,True,original
8068,gus-dataset,True,original
8069,gus-dataset,True,original
8070,gus-dataset,True,original
8071,gus-dataset,True,original
8072,gus-dataset,True,original
8073,gus-dataset,True,original
8074,gus-dataset,True,original
8075,gus-dataset,True,original
8076,gus-dataset,True,original
8077,gus-dataset,True,original
8078,gus-dataset,True,original
8079,gus-dataset,True,original
8080,gus-dataset,True,original
8081,gus-dataset,True,original
8082,gus-dataset,True,original
8083,gus-dataset,True,original
8084,gus-dataset,True,original
8085,gus-dataset,True,original
8086,gus-dataset,True,original
8087,gus-dataset,True,original
8088,gus-dataset,True,original
8089,gus-dataset,True,original
8090,gus-dataset,True,original
8091,gus-dataset,True,original
8092,gus-dataset,True,original
8093,gus-dataset,True,original
8094,gus-dataset,True,original
8095,gus-dataset,True,original
8096,gus-dataset,True,original
8097,gus-dataset,True,original
8098,gus-dataset,False,original
8099,gus-dataset,True,original
8100,gus-dataset,True,original
8101,gus-dataset,True,original
8102,gus-dataset,True,original
8103,gus-dataset,True,original
8104,gus-dataset,True,original
8105,gus-dataset,True,original
8106,gus-dataset,True,original
8107,gus-dataset,True,original
8108,gus-dataset,True,original
8109,gus-dataset,True,original
8110,gus-dataset,True,original
8111,gus-dataset,True,original
8112,gus-dataset,True,original
8113,gus-dataset,True,original
8114,gus-dataset,True,original
8115,gus-dataset,True,original
8116,gus-dataset,True,original
8117,gus-dataset,True,original
8118,gus-dataset,True,original
8119,gus-dataset,True,original
8120,gus-dataset,True,original
8121,gus-dataset,True,original
8122,gus-dataset,True,original
8123,gus-dataset,True,original
8124,gus-dataset,True,original
8125,gus-dataset,True,original
8126,gus-dataset,True,original
8127,gus-dataset,True,original
8128,gus-dataset,True,original
8129,gus-dataset,True,original
8130,gus-dataset,True,original
8131,gus-dataset,True,original
8132,gus-dataset,True,original
8133,gus-dataset,True,original
8134,gus-dataset,True,original
8135,gus-dataset,True,original
8136,gus-dataset,True,original
8137,gus-dataset,True,original
8138,gus-dataset,True,original
8139,gus-dataset,True,original
8140,gus-dataset,True,original
8141,gus-dataset,True,original
8142,gus-dataset,True,original
8143,gus-dataset,False,original
8144,gus-dataset,True,original
8145,gus-dataset,True,original
8146,gus-dataset,True,original
8147,gus-dataset,True,original
8148,gus-dataset,True,original
8149,gus-dataset,True,original
8150,gus-dataset,True,original
8151,gus-dataset,True,original
8152,gus-dataset,True,original
8153,gus-dataset,True,original
8154,gus-dataset,True,original
8155,gus-dataset,True,original
8156,gus-dataset,True,original
8157,gus-dataset,True,original
8158,gus-dataset,True,original
8159,gus-dataset,True,original
8160,gus-dataset,True,original
8161,gus-dataset,True,original
8162,gus-dataset,True,original
8163,gus-dataset,True,original
8164,gus-dataset,True,original
8165,gus-dataset,True,original
8166,gus-dataset,True,original
8167,gus-dataset,True,original
8168,gus-dataset,True,original
8169,gus-dataset,True,original
8170,gus-dataset,True,original
8171,gus-dataset,True,original
8172,gus-dataset,True,original
8173,gus-dataset,True,original
8174,gus-dataset,True,original
8175,gus-dataset,True,original
8176,gus-dataset,True,original
8177,gus-dataset,True,original
8178,gus-dataset,True,original
8179,gus-dataset,False,original
8180,gus-dataset,False,original
8181,gus-dataset,False,original
8182,gus-dataset,False,original
8183,gus-dataset,False,original
8184,gus-dataset,False,original
8185,gus-dataset,False,original
8186,gus-dataset,False,original
8187,gus-dataset,False,original
8188,gus-dataset,False,original
8189,gus-dataset,False,original
8190,gus-dataset,False,original
8191,gus-dataset,False,original
8192,gus-dataset,False,original
8193,gus-dataset,False,original
8194,gus-dataset,False,original
8195,gus-dataset,False,original
8196,gus-dataset,False,original
8197,gus-dataset,False,original
8198,gus-dataset,False,original
8199,gus-dataset,False,original
8200,gus-dataset,False,original
8201,gus-dataset,False,original
8202,gus-dataset,True,original
8203,gus-dataset,False,original
8204,gus-dataset,False,original
8205,gus-dataset,False,original
8206,gus-dataset,False,original
8207,gus-dataset,False,original
8208,gus-dataset,False,original
8209,gus-dataset,False,original
8210,gus-dataset,False,original
8211,gus-dataset,False,original
8212,gus-dataset,False,original
8213,gus-dataset,False,original
8214,gus-dataset,False,original
8215,gus-dataset,False,original
8216,gus-dataset,False,original
8217,gus-dataset,False,original
8218,gus-dataset,False,original
8219,gus-dataset,False,original
8220,gus-dataset,False,original
8221,gus-dataset,False,original
8222,gus-dataset,False,original
8223,gus-dataset,False,original
8224,gus-dataset,False,original
8225,gus-dataset,False,original
8226,gus-dataset,False,original
8227,gus-dataset,False,original
8228,gus-dataset,False,original
8229,gus-dataset,False,original
8230,gus-dataset,False,original
8231,gus-dataset,False,original
8232,gus-dataset,False,original
8233,gus-dataset,False,original
8234,gus-dataset,False,original
8235,gus-dataset,False,original
8236,gus-dataset,False,original
8237,gus-dataset,False,original
8238,gus-dataset,False,original
8239,gus-dataset,False,original
8240,gus-dataset,False,original
8241,gus-dataset,False,original
8242,gus-dataset,False,original
8243,gus-dataset,False,original
8244,gus-dataset,False,original
8245,gus-dataset,False,original
8246,gus-dataset,False,original
8247,gus-dataset,False,original
8248,gus-dataset,False,original
8249,gus-dataset,False,original
8250,gus-dataset,False,original
8251,gus-dataset,False,original
8252,gus-dataset,False,original
8253,gus-dataset,False,original
8254,gus-dataset,False,original
8255,gus-dataset,False,original
8256,gus-dataset,False,original
8257,gus-dataset,False,original
8258,gus-dataset,False,original
8259,gus-dataset,False,original
8260,gus-dataset,False,original
8261,gus-dataset,False,original
8262,gus-dataset,False,original
8263,gus-dataset,False,original
8264,gus-dataset,False,original
8265,gus-dataset,False,original
8266,gus-dataset,False,original
8267,gus-dataset,False,original
8268,gus-dataset,False,original
8269,gus-dataset,False,original
8270,gus-dataset,False,original
8271,gus-dataset,False,original
8272,gus-dataset,False,original
8273,gus-dataset,False,original
8274,gus-dataset,False,original
8275,gus-dataset,False,original
8276,gus-dataset,False,original
8277,gus-dataset,False,original
8278,gus-dataset,False,original
8279,gus-dataset,False,original
8280,gus-dataset,False,original
8281,gus-dataset,False,original
8282,gus-dataset,False,original
8283,gus-dataset,False,original
8284,gus-dataset,False,original
8285,gus-dataset,False,original
8286,gus-dataset,False,original
8287,gus-dataset,False,original
8288,gus-dataset,False,original
8289,gus-dataset,False,original
8290,gus-dataset,False,original
8291,gus-dataset,False,original
8292,gus-dataset,False,original
8293,gus-dataset,False,original
8294,gus-dataset,False,original
8295,gus-dataset,False,original
8296,gus-dataset,False,original
8297,gus-dataset,False,original
8298,gus-dataset,False,original
8299,gus-dataset,False,original
8300,gus-dataset,False,original
8301,gus-dataset,False,original
8302,gus-dataset,False,original
8303,gus-dataset,False,original
8304,gus-dataset,False,original
8305,gus-dataset,False,original
8306,gus-dataset,False,original
8307,gus-dataset,False,original
8308,gus-dataset,False,original
8309,gus-dataset,False,original
8310,gus-dataset,False,original
8311,gus-dataset,False,original
8312,gus-dataset,False,original
8313,gus-dataset,False,original
8314,gus-dataset,False,original
8315,gus-dataset,True,original
8316,gus-dataset,True,original
8317,gus-dataset,False,original
8318,gus-dataset,False,original
8319,gus-dataset,False,original
8320,gus-dataset,False,original
8321,gus-dataset,False,original
8322,gus-dataset,False,original
8323,gus-dataset,False,original
8324,gus-dataset,False,original
8325,gus-dataset,False,original
8326,gus-dataset,False,original
8327,gus-dataset,False,original
8328,gus-dataset,False,original
8329,gus-dataset,False,original
8330,gus-dataset,False,original
8331,gus-dataset,False,original
8332,gus-dataset,False,original
8333,gus-dataset,False,original
8334,gus-dataset,False,original
8335,gus-dataset,False,original
8336,gus-dataset,False,original
8337,gus-dataset,False,original
8338,gus-dataset,False,original
8339,gus-dataset,False,original
8340,gus-dataset,False,original
8341,gus-dataset,False,original
8342,gus-dataset,False,original
8343,gus-dataset,False,original
8344,gus-dataset,False,original
8345,gus-dataset,False,original
8346,gus-dataset,False,original
8347,gus-dataset,False,original
8348,gus-dataset,False,original
8349,gus-dataset,False,original
8350,gus-dataset,False,original
8351,gus-dataset,False,original
8352,gus-dataset,False,original
8353,gus-dataset,False,original
8354,gus-dataset,False,original
8355,gus-dataset,False,original
8356,gus-dataset,False,original
8357,gus-dataset,False,original
8358,gus-dataset,False,original
8359,gus-dataset,False,original
8360,gus-dataset,False,original
8361,gus-dataset,False,original
8362,gus-dataset,False,original
8363,gus-dataset,False,original
8364,gus-dataset,False,original
8365,gus-dataset,False,original
8366,gus-dataset,False,original
8367,gus-dataset,False,original
8368,gus-dataset,False,original
8369,gus-dataset,False,original
8370,gus-dataset,False,original
8371,gus-dataset,False,original
8372,gus-dataset,False,original
8373,gus-dataset,False,original
8374,gus-dataset,False,original
8375,gus-dataset,False,original
8376,gus-dataset,False,original
8377,gus-dataset,False,original
8378,gus-dataset,False,original
8379,gus-dataset,False,original
8380,gus-dataset,False,original
8381,gus-dataset,False,original
8382,gus-dataset,False,original
8383,gus-dataset,False,original
8384,gus-dataset,False,original
8385,gus-dataset,False,original
8386,gus-dataset,False,original
8387,gus-dataset,False,original
8388,gus-dataset,True,original
8389,gus-dataset,False,original
8390,gus-dataset,False,original
8391,gus-dataset,False,original
8392,gus-dataset,False,original
8393,gus-dataset,False,original
8394,gus-dataset,False,original
8395,gus-dataset,False,original
8396,gus-dataset,False,original
8397,gus-dataset,False,original
8398,gus-dataset,False,original
8399,gus-dataset,False,original
8400,gus-dataset,False,original
8401,gus-dataset,False,original
8402,gus-dataset,False,original
8403,gus-dataset,False,original
8404,gus-dataset,False,original
8405,gus-dataset,False,original
8406,gus-dataset,False,original
8407,gus-dataset,False,original
8408,gus-dataset,False,original
8409,gus-dataset,False,original
8410,gus-dataset,False,original
8411,gus-dataset,False,original
8412,gus-dataset,False,original
8413,gus-dataset,False,original
8414,gus-dataset,False,original
8415,gus-dataset,False,original
8416,gus-dataset,False,original
8417,gus-dataset,False,original
8418,gus-dataset,False,original
8419,gus-dataset,False,original
8420,gus-dataset,False,original
8421,gus-dataset,False,original
8422,gus-dataset,False,original
8423,gus-dataset,False,original
8424,gus-dataset,False,original
8425,gus-dataset,False,original
8426,gus-dataset,False,original
8427,gus-dataset,False,original
8428,gus-dataset,False,original
8429,gus-dataset,False,original
8430,gus-dataset,False,original
8431,gus-dataset,False,original
8432,gus-dataset,False,original
8433,gus-dataset,True,original
8434,gus-dataset,False,original
8435,gus-dataset,False,original
8436,gus-dataset,False,original
8437,gus-dataset,False,original
8438,gus-dataset,False,original
8439,gus-dataset,False,original
8440,gus-dataset,False,original
8441,gus-dataset,False,original
8442,gus-dataset,False,original
8443,gus-dataset,False,original
8444,gus-dataset,False,original
8445,gus-dataset,False,original
8446,gus-dataset,False,original
8447,gus-dataset,False,original
8448,gus-dataset,False,original
8449,gus-dataset,False,original
8450,gus-dataset,False,original
8451,gus-dataset,False,original
8452,gus-dataset,False,original
8453,gus-dataset,False,original
8454,gus-dataset,False,original
8455,gus-dataset,True,original
8456,gus-dataset,False,original
8457,gus-dataset,False,original
8458,gus-dataset,False,original
8459,gus-dataset,False,original
8460,gus-dataset,False,original
8461,gus-dataset,False,original
8462,gus-dataset,False,original
8463,gus-dataset,False,original
8464,gus-dataset,False,original
8465,gus-dataset,False,original
8466,gus-dataset,False,original
8467,gus-dataset,False,original
8468,gus-dataset,False,original
8469,gus-dataset,False,original
8470,gus-dataset,False,original
8471,gus-dataset,False,original
8472,gus-dataset,False,original
8473,gus-dataset,False,original
8474,gus-dataset,False,original
8475,gus-dataset,False,original
8476,gus-dataset,False,original
8477,gus-dataset,True,original
8478,gus-dataset,False,original
8479,gus-dataset,False,original
8480,gus-dataset,False,original
8481,gus-dataset,False,original
8482,gus-dataset,False,original
8483,gus-dataset,False,original
8484,gus-dataset,False,original
8485,gus-dataset,False,original
8486,gus-dataset,False,original
8487,gus-dataset,False,original
8488,gus-dataset,False,original
8489,gus-dataset,False,original
8490,gus-dataset,False,original
8491,gus-dataset,False,original
8492,gus-dataset,False,original
8493,gus-dataset,False,original
8494,gus-dataset,False,original
8495,gus-dataset,False,original
8496,gus-dataset,False,original
8497,gus-dataset,False,original
8498,gus-dataset,False,original
8499,gus-dataset,False,original
8500,gus-dataset,False,original
8501,gus-dataset,True,original
8502,gus-dataset,False,original
8503,gus-dataset,False,original
8504,gus-dataset,False,original
8505,gus-dataset,False,original
8506,gus-dataset,False,original
8507,gus-dataset,False,original
8508,gus-dataset,False,original
8509,gus-dataset,False,original
8510,gus-dataset,False,original
8511,gus-dataset,False,original
8512,gus-dataset,False,original
8513,gus-dataset,False,original
8514,gus-dataset,False,original
8515,gus-dataset,False,original
8516,gus-dataset,False,original
8517,gus-dataset,False,original
8518,gus-dataset,False,original
8519,gus-dataset,False,original
8520,gus-dataset,False,original
8521,gus-dataset,False,original
8522,gus-dataset,False,original
8523,gus-dataset,False,original
8524,gus-dataset,False,original
8525,gus-dataset,False,original
8526,gus-dataset,False,original
8527,gus-dataset,False,original
8528,gus-dataset,False,original
8529,gus-dataset,False,original
8530,gus-dataset,False,original
8531,gus-dataset,False,original
8532,gus-dataset,False,original
8533,gus-dataset,False,original
8534,gus-dataset,False,original
8535,gus-dataset,False,original
8536,gus-dataset,False,original
8537,gus-dataset,False,original
8538,gus-dataset,False,original
8539,gus-dataset,False,original
8540,gus-dataset,False,original
8541,gus-dataset,False,original
8542,gus-dataset,False,original
8543,gus-dataset,False,original
8544,gus-dataset,False,original
8545,gus-dataset,False,original
8546,gus-dataset,False,original
8547,gus-dataset,False,original
8548,gus-dataset,False,original
8549,gus-dataset,False,original
8550,gus-dataset,False,original
8551,gus-dataset,False,original
8552,gus-dataset,False,original
8553,gus-dataset,False,original
8554,gus-dataset,False,original
8555,gus-dataset,False,original
8556,gus-dataset,False,original
8557,gus-dataset,False,original
8558,gus-dataset,False,original
8559,gus-dataset,False,original
8560,gus-dataset,False,original
8561,gus-dataset,False,original
8562,gus-dataset,False,original
8563,gus-dataset,False,original
8564,gus-dataset,False,original
8565,gus-dataset,False,original
8566,gus-dataset,False,original
8567,gus-dataset,False,original
8568,gus-dataset,False,original
8569,gus-dataset,False,original
8570,gus-dataset,False,original
8571,gus-dataset,False,original
8572,gus-dataset,False,original
8573,gus-dataset,False,original
8574,gus-dataset,False,original
8575,gus-dataset,False,original
8576,gus-dataset,False,original
8577,gus-dataset,False,original
8578,gus-dataset,False,original
8579,gus-dataset,False,original
8580,gus-dataset,False,original
8581,gus-dataset,False,original
8582,gus-dataset,False,original
8583,gus-dataset,False,original
8584,gus-dataset,False,original
8585,gus-dataset,False,original
8586,gus-dataset,False,original
8587,gus-dataset,False,original
8588,gus-dataset,False,original
8589,gus-dataset,False,original
8590,gus-dataset,False,original
8591,gus-dataset,False,original
8592,gus-dataset,False,original
8593,gus-dataset,False,original
8594,gus-dataset,False,original
8595,gus-dataset,False,original
8596,gus-dataset,False,original
8597,gus-dataset,False,original
8598,gus-dataset,False,original
8599,gus-dataset,False,original
8600,gus-dataset,False,original
8601,gus-dataset,False,original
8602,gus-dataset,False,original
8603,gus-dataset,False,original
8604,gus-dataset,False,original
8605,gus-dataset,False,original
8606,gus-dataset,False,original
8607,gus-dataset,False,original
8608,gus-dataset,False,original
8609,gus-dataset,False,original
8610,gus-dataset,False,original
8611,gus-dataset,False,original
8612,gus-dataset,False,original
8613,gus-dataset,False,original
8614,gus-dataset,False,original
8615,gus-dataset,False,original
8616,gus-dataset,False,original
8617,gus-dataset,True,original
8618,gus-dataset,False,original
8619,gus-dataset,False,original
8620,gus-dataset,False,original
8621,gus-dataset,False,original
8622,gus-dataset,True,original
8623,gus-dataset,True,original
8624,gus-dataset,False,original
8625,gus-dataset,False,original
8626,gus-dataset,False,original
8627,gus-dataset,False,original
8628,gus-dataset,True,original
8629,gus-dataset,False,original
8630,gus-dataset,False,original
8631,gus-dataset,True,original
8632,gus-dataset,False,original
8633,gus-dataset,False,original
8634,gus-dataset,False,original
8635,gus-dataset,False,original
8636,gus-dataset,False,original
8637,gus-dataset,False,original
8638,gus-dataset,False,original
8639,gus-dataset,False,original
8640,gus-dataset,True,original
8641,gus-dataset,False,original
8642,gus-dataset,False,original
8643,gus-dataset,False,original
8644,gus-dataset,True,original
8645,gus-dataset,False,original
8646,gus-dataset,False,original
8647,gus-dataset,False,original
8648,gus-dataset,False,original
8649,gus-dataset,False,original
8650,gus-dataset,False,original
8651,gus-dataset,False,original
8652,gus-dataset,False,original
8653,gus-dataset,False,original
8654,gus-dataset,False,original
8655,gus-dataset,False,original
8656,gus-dataset,False,original
8657,gus-dataset,False,original
8658,gus-dataset,False,original
8659,gus-dataset,False,original
8660,gus-dataset,False,original
8661,gus-dataset,True,original
8662,gus-dataset,False,original
8663,gus-dataset,False,original
8664,gus-dataset,False,original
8665,gus-dataset,False,original
8666,gus-dataset,False,original
8667,gus-dataset,False,original
8668,gus-dataset,False,original
8669,gus-dataset,False,original
8670,gus-dataset,False,original
8671,gus-dataset,False,original
8672,gus-dataset,False,original
8673,gus-dataset,False,original
8674,gus-dataset,False,original
8675,gus-dataset,False,original
8676,gus-dataset,False,original
8677,gus-dataset,False,original
8678,gus-dataset,False,original
8679,gus-dataset,True,original
8680,gus-dataset,False,original
8681,gus-dataset,False,original
8682,gus-dataset,False,original
8683,gus-dataset,False,original
8684,gus-dataset,False,original
8685,gus-dataset,True,original
8686,gus-dataset,True,original
8687,gus-dataset,False,original
8688,gus-dataset,False,original
8689,gus-dataset,False,original
8690,gus-dataset,False,original
8691,gus-dataset,False,original
8692,gus-dataset,False,original
8693,gus-dataset,False,original
8694,gus-dataset,False,original
8695,gus-dataset,False,original
8696,gus-dataset,False,original
8697,gus-dataset,True,original
8698,gus-dataset,False,original
8699,gus-dataset,True,original
8700,gus-dataset,False,original
8701,gus-dataset,False,original
8702,gus-dataset,False,original
8703,gus-dataset,False,original
8704,gus-dataset,False,original
8705,gus-dataset,False,original
8706,gus-dataset,True,original
8707,gus-dataset,False,original
8708,gus-dataset,False,original
8709,gus-dataset,False,original
8710,gus-dataset,False,original
8711,gus-dataset,False,original
8712,gus-dataset,False,original
8713,gus-dataset,False,original
8714,gus-dataset,True,original
8715,gus-dataset,False,original
8716,gus-dataset,False,original
8717,gus-dataset,False,original
8718,gus-dataset,False,original
8719,gus-dataset,False,original
8720,gus-dataset,False,original
8721,gus-dataset,False,original
8722,gus-dataset,False,original
8723,gus-dataset,False,original
8724,gus-dataset,False,original
8725,gus-dataset,False,original
8726,gus-dataset,False,original
8727,gus-dataset,False,original
8728,gus-dataset,False,original
8729,gus-dataset,False,original
8730,gus-dataset,True,original
8731,gus-dataset,False,original
8732,gus-dataset,True,original
8733,gus-dataset,False,original
8734,gus-dataset,False,original
8735,gus-dataset,False,original
8736,gus-dataset,False,original
8737,gus-dataset,False,original
8738,gus-dataset,False,original
8739,gus-dataset,False,original
8740,gus-dataset,False,original
8741,gus-dataset,False,original
8742,gus-dataset,False,original
8743,gus-dataset,False,original
8744,gus-dataset,True,original
8745,gus-dataset,False,original
8746,gus-dataset,False,original
8747,gus-dataset,False,original
8748,gus-dataset,False,original
8749,gus-dataset,False,original
8750,gus-dataset,False,original
8751,gus-dataset,False,original
8752,gus-dataset,False,original
8753,gus-dataset,True,original
8754,gus-dataset,False,original
8755,gus-dataset,True,original
8756,gus-dataset,False,original
8757,gus-dataset,True,original
8758,gus-dataset,False,original
8759,gus-dataset,False,original
8760,gus-dataset,False,original
8761,gus-dataset,False,original
8762,gus-dataset,True,original
8763,gus-dataset,False,original
8764,gus-dataset,False,original
8765,gus-dataset,False,original
8766,gus-dataset,False,original
8767,gus-dataset,False,original
8768,gus-dataset,False,original
8769,gus-dataset,False,original
8770,gus-dataset,False,original
8771,gus-dataset,False,original
8772,gus-dataset,False,original
8773,gus-dataset,False,original
8774,gus-dataset,False,original
8775,gus-dataset,False,original
8776,gus-dataset,False,original
8777,gus-dataset,False,original
8778,gus-dataset,False,original
8779,gus-dataset,False,original
8780,gus-dataset,False,original
8781,gus-dataset,False,original
8782,gus-dataset,False,original
8783,gus-dataset,False,original
8784,gus-dataset,True,original
8785,gus-dataset,False,original
8786,gus-dataset,False,original
8787,gus-dataset,False,original
8788,gus-dataset,False,original
8789,gus-dataset,False,original
8790,gus-dataset,False,original
8791,gus-dataset,False,original
8792,gus-dataset,False,original
8793,gus-dataset,False,original
8794,gus-dataset,False,original
8795,gemini,True,counterfactual
8796,gemini,True,counterfactual
8797,gemini,True,counterfactual
8798,gemini,True,counterfactual
8799,gemini,True,counterfactual
8800,gemini,True,counterfactual
8801,gemini,True,counterfactual
8802,gemini,True,counterfactual
8803,gemini,True,counterfactual
8804,gemini,True,counterfactual
8805,gemini,True,counterfactual
8806,gemini,True,counterfactual
8807,gemini,True,counterfactual
8808,gemini,True,counterfactual
8809,gemini,True,counterfactual
8810,gemini,True,counterfactual
8811,gemini,True,counterfactual
8812,gemini,True,counterfactual
8813,gemini,True,counterfactual
8814,gemini,True,counterfactual
8815,gemini,True,counterfactual
8816,gemini,True,counterfactual
8817,gemini,True,counterfactual
8818,gemini,True,counterfactual
8819,gemini,True,counterfactual
8820,gemini,True,counterfactual
8821,gemini,True,counterfactual
8822,gemini,True,counterfactual
8823,gemini,True,counterfactual
8824,gemini,True,counterfactual
8825,gemini,True,counterfactual
8826,gemini,True,counterfactual
8827,gemini,True,counterfactual
8828,gemini,True,counterfactual
8829,gemini,True,counterfactual
8830,gemini,True,counterfactual
8831,gemini,True,counterfactual
8832,gemini,True,counterfactual
8833,gemini,True,counterfactual
8834,gemini,True,counterfactual
8835,gemini,True,counterfactual
8836,gemini,True,counterfactual
8837,gemini,True,counterfactual
8838,gemini,True,counterfactual
8839,gemini,True,counterfactual
8840,gemini,True,counterfactual
8841,gemini,True,counterfactual
8842,gemini,True,counterfactual
8843,gemini,True,counterfactual
8844,gemini,True,counterfactual
8845,gemini,True,counterfactual
8846,gemini,True,counterfactual
8847,gemini,True,counterfactual
8848,gemini,True,counterfactual
8849,gemini,True,counterfactual
8850,gemini,True,counterfactual
8851,gemini,True,counterfactual
8852,gemini,True,counterfactual
8853,gemini,True,counterfactual
8854,gemini,True,counterfactual
8855,gemini,True,counterfactual
8856,gemini,True,counterfactual
8857,gemini,True,counterfactual
8858,gemini,True,counterfactual
8859,gemini,True,counterfactual
8860,gemini,True,counterfactual
8861,gemini,True,counterfactual
8862,gemini,True,counterfactual
8863,gemini,True,counterfactual
8864,gemini,True,counterfactual
8865,gemini,True,counterfactual
8866,gemini,True,counterfactual
8867,gemini,True,counterfactual
8868,gemini,True,counterfactual
8869,gemini,True,counterfactual
8870,gemini,True,counterfactual
8871,gemini,True,counterfactual
8872,gemini,True,counterfactual
8873,gemini,True,counterfactual
8874,gemini,True,counterfactual
8875,gemini,True,counterfactual
8876,gemini,True,counterfactual
8877,gemini,True,counterfactual
8878,gemini,True,counterfactual
8879,gemini,True,counterfactual
8880,gemini,True,counterfactual
8881,gemini,True,counterfactual
8882,gemini,True,counterfactual
8883,gemini,True,counterfactual
8884,gemini,True,counterfactual
8885,gemini,True,counterfactual
8886,gemini,True,counterfactual
8887,gemini,True,counterfactual
8888,gemini,True,counterfactual
8889,gemini,True,counterfactual
8890,gemini,True,counterfactual
8891,gemini,True,counterfactual
8892,gemini,True,counterfactual
8893,gemini,True,counterfactual
8894,gemini,True,counterfactual
8895,gemini,True,counterfactual
8896,gemini,True,counterfactual
8897,gemini,True,counterfactual
8898,gemini,True,counterfactual
8899,gemini,True,counterfactual
8900,gemini,True,counterfactual
8901,gemini,True,counterfactual
8902,gemini,True,counterfactual
8903,gemini,True,counterfactual
8904,gemini,True,counterfactual
8905,gemini,True,counterfactual
8906,gemini,True,counterfactual
8907,gemini,True,counterfactual
8908,gemini,True,counterfactual
8909,gemini,True,counterfactual
8910,gemini,True,counterfactual
8911,gemini,True,counterfactual
8912,gemini,True,counterfactual
8913,gemini,True,counterfactual
8914,gemini,True,counterfactual
8915,gemini,True,counterfactual
8916,gemini,True,counterfactual
8917,gemini,True,counterfactual
8918,gemini,True,counterfactual
8919,gemini,True,counterfactual
8920,gemini,True,counterfactual
8921,gemini,True,counterfactual
8922,gemini,True,counterfactual
8923,gemini,True,counterfactual
8924,gemini,True,counterfactual
8925,gemini,True,counterfactual
8926,gemini,True,counterfactual
8927,gemini,True,counterfactual
8928,gemini,True,counterfactual
8929,gemini,True,counterfactual
8930,gemini,True,counterfactual
8931,gemini,True,counterfactual
8932,gemini,True,counterfactual
8933,gemini,True,counterfactual
8934,gemini,True,counterfactual
8935,gemini,True,counterfactual
8936,gemini,True,counterfactual
8937,gemini,False,counterfactual
8938,gemini,True,counterfactual
8939,gemini,True,counterfactual
8940,gemini,True,counterfactual
8941,gemini,True,counterfactual
8942,gemini,True,counterfactual
8943,gemini,True,counterfactual
8944,gemini,True,counterfactual
8945,gemini,True,counterfactual
8946,gemini,True,counterfactual
8947,gemini,True,counterfactual
8948,gemini,True,counterfactual
8949,gemini,True,counterfactual
8950,gemini,True,counterfactual
8951,gemini,True,counterfactual
8952,gemini,True,counterfactual
8953,gemini,True,counterfactual
8954,gemini,True,counterfactual
8955,gemini,True,counterfactual
8956,gemini,True,counterfactual
8957,gemini,True,counterfactual
8958,gemini,True,counterfactual
8959,gemini,True,counterfactual
8960,gemini,True,counterfactual
8961,gemini,True,counterfactual
8962,gemini,True,counterfactual
8963,gemini,True,counterfactual
8964,gemini,True,counterfactual
8965,gemini,True,counterfactual
8966,gemini,True,counterfactual
8967,gemini,True,counterfactual
8968,gemini,True,counterfactual
8969,gemini,True,counterfactual
8970,gemini,True,counterfactual
8971,gemini,True,counterfactual
8972,gemini,True,counterfactual
8973,gemini,True,counterfactual
8974,gemini,True,counterfactual
8975,gemini,True,counterfactual
8976,gemini,True,counterfactual
8977,gemini,True,counterfactual
8978,gemini,True,counterfactual
8979,gemini,True,counterfactual
8980,gemini,True,counterfactual
8981,gemini,True,counterfactual
8982,gemini,True,counterfactual
8983,gemini,True,counterfactual
8984,gemini,True,counterfactual
8985,gemini,True,counterfactual
8986,gemini,True,counterfactual
8987,gemini,True,counterfactual
8988,gemini,True,counterfactual
8989,gemini,True,counterfactual
8990,gemini,True,counterfactual
8991,gemini,True,counterfactual
8992,gemini,True,counterfactual
8993,gemini,True,counterfactual
8994,gemini,True,counterfactual
8995,gemini,True,counterfactual
8996,gemini,True,counterfactual
8997,gemini,True,counterfactual
8998,gemini,True,counterfactual
8999,gemini,True,counterfactual
9000,gemini,True,counterfactual
9001,gemini,True,counterfactual
9002,gemini,True,counterfactual
9003,gemini,True,counterfactual
9004,gemini,True,counterfactual
9005,gemini,False,counterfactual
9006,gemini,True,counterfactual
9007,gemini,True,counterfactual
9008,gemini,True,counterfactual
9009,gemini,True,counterfactual
9010,gemini,True,counterfactual
9011,gemini,True,counterfactual
9012,gemini,True,counterfactual
9013,gemini,True,counterfactual
9014,gemini,True,counterfactual
9015,gemini,True,counterfactual
9016,gemini,False,counterfactual
9017,gemini,True,counterfactual
9018,gemini,True,counterfactual
9019,gemini,True,counterfactual
9020,gemini,True,counterfactual
9021,gemini,True,counterfactual
9022,gemini,True,counterfactual
9023,gemini,True,counterfactual
9024,gemini,True,counterfactual
9025,gemini,True,counterfactual
9026,gemini,True,counterfactual
9027,gemini,False,counterfactual
9028,gemini,True,counterfactual
9029,gemini,True,counterfactual
9030,gemini,True,counterfactual
9031,gemini,True,counterfactual
9032,gemini,True,counterfactual
9033,gemini,True,counterfactual
9034,gemini,True,counterfactual
9035,gemini,True,counterfactual
9036,gemini,True,counterfactual
9037,gemini,True,counterfactual
9038,gemini,True,counterfactual
9039,gemini,True,counterfactual
9040,gemini,True,counterfactual
9041,gemini,True,counterfactual
9042,gemini,True,counterfactual
9043,gemini,True,counterfactual
9044,gemini,True,counterfactual
9045,gemini,True,counterfactual
9046,gemini,True,counterfactual
9047,gemini,True,counterfactual
9048,gemini,True,counterfactual
9049,gemini,True,counterfactual
9050,gemini,True,counterfactual
9051,gemini,True,counterfactual
9052,gemini,True,counterfactual
9053,gemini,True,counterfactual
9054,gemini,True,counterfactual
9055,gemini,True,counterfactual
9056,gemini,False,counterfactual
9057,gemini,False,counterfactual
9058,gemini,True,counterfactual
9059,gemini,True,counterfactual
9060,gemini,True,counterfactual
9061,gemini,True,counterfactual
9062,gemini,True,counterfactual
9063,gemini,True,counterfactual
9064,gemini,True,counterfactual
9065,gemini,True,counterfactual
9066,gemini,True,counterfactual
9067,gemini,True,counterfactual
9068,gemini,True,counterfactual
9069,gemini,True,counterfactual
9070,gemini,True,counterfactual
9071,gemini,True,counterfactual
9072,gemini,True,counterfactual
9073,gemini,True,counterfactual
9074,gemini,True,counterfactual
9075,gemini,True,counterfactual
9076,gemini,True,counterfactual
9077,gemini,True,counterfactual
9078,gemini,True,counterfactual
9079,gemini,True,counterfactual
9080,gemini,True,counterfactual
9081,gemini,True,counterfactual
9082,gemini,True,counterfactual
9083,gemini,True,counterfactual
9084,gemini,True,counterfactual
9085,gemini,True,counterfactual
9086,gemini,True,counterfactual
9087,gemini,True,counterfactual
9088,gemini,True,counterfactual
9089,gemini,True,counterfactual
9090,gemini,True,counterfactual
9091,gemini,True,counterfactual
9092,gemini,True,counterfactual
9093,gemini,True,counterfactual
9094,gemini,True,counterfactual
9095,gemini,True,counterfactual
9096,gemini,True,counterfactual
9097,gemini,True,counterfactual
9098,gemini,True,counterfactual
9099,gemini,True,counterfactual
9100,gemini,True,counterfactual
9101,gemini,True,counterfactual
9102,gemini,True,counterfactual
9103,gemini,True,counterfactual
9104,gemini,True,counterfactual
9105,gemini,True,counterfactual
9106,gemini,True,counterfactual
9107,gemini,True,counterfactual
9108,gemini,True,counterfactual
9109,gemini,True,counterfactual
9110,gemini,True,counterfactual
9111,gemini,True,counterfactual
9112,gemini,True,counterfactual
9113,gemini,True,counterfactual
9114,gemini,True,counterfactual
9115,gemini,True,counterfactual
9116,gemini,True,counterfactual
9117,gemini,True,counterfactual
9118,gemini,True,counterfactual
9119,gemini,True,counterfactual
9120,gemini,True,counterfactual
9121,gemini,True,counterfactual
9122,gemini,True,counterfactual
9123,gemini,True,counterfactual
9124,gemini,True,counterfactual
9125,gemini,True,counterfactual
9126,gemini,True,counterfactual
9127,gemini,True,counterfactual
9128,gemini,True,counterfactual
9129,gemini,True,counterfactual
9130,gemini,True,counterfactual
9131,gemini,True,counterfactual
9132,gemini,True,counterfactual
9133,gemini,True,counterfactual
9134,gemini,True,counterfactual
9135,gemini,True,counterfactual
9136,gemini,True,counterfactual
9137,gemini,True,counterfactual
9138,gemini,True,counterfactual
9139,gemini,True,counterfactual
9140,gemini,True,counterfactual
9141,gemini,True,counterfactual
9142,gemini,False,counterfactual
9143,gemini,True,counterfactual
9144,gemini,True,counterfactual
9145,gemini,True,counterfactual
9146,gemini,True,counterfactual
9147,gemini,True,counterfactual
9148,gemini,True,counterfactual
9149,gemini,False,counterfactual
9150,gemini,True,counterfactual
9151,gemini,True,counterfactual
9152,gemini,True,counterfactual
9153,gemini,True,counterfactual
9154,gemini,True,counterfactual
9155,gemini,True,counterfactual
9156,gemini,True,counterfactual
9157,gemini,True,counterfactual
9158,gemini,True,counterfactual
9159,gemini,True,counterfactual
9160,gemini,True,counterfactual
9161,gemini,True,counterfactual
9162,gemini,True,counterfactual
9163,gemini,True,counterfactual
9164,gemini,True,counterfactual
9165,gemini,True,counterfactual
9166,gemini,True,counterfactual
9167,gemini,True,counterfactual
9168,gemini,True,counterfactual
9169,gemini,True,counterfactual
9170,gemini,True,counterfactual
9171,gemini,True,counterfactual
9172,gemini,True,counterfactual
9173,gemini,True,counterfactual
9174,gemini,True,counterfactual
9175,gemini,True,counterfactual
9176,gemini,True,counterfactual
9177,gemini,True,counterfactual
9178,gemini,True,counterfactual
9179,gemini,True,counterfactual
9180,gemini,True,counterfactual
9181,gemini,True,counterfactual
9182,gemini,True,counterfactual
9183,gemini,True,counterfactual
9184,gemini,True,counterfactual
9185,gemini,True,counterfactual
9186,gemini,True,counterfactual
9187,gemini,True,counterfactual
9188,gemini,True,counterfactual
9189,gemini,True,counterfactual
9190,gemini,True,counterfactual
9191,gemini,True,counterfactual
9192,gemini,True,counterfactual
9193,gemini,True,counterfactual
9194,gemini,True,counterfactual
9195,gemini,True,counterfactual
9196,gemini,True,counterfactual
9197,gemini,True,counterfactual
9198,gemini,True,counterfactual
9199,gemini,True,counterfactual
9200,gemini,True,counterfactual
9201,gemini,True,counterfactual
9202,gemini,True,counterfactual
9203,gemini,True,counterfactual
9204,gemini,True,counterfactual
9205,gemini,True,counterfactual
9206,gemini,True,counterfactual
9207,gemini,True,counterfactual
9208,gemini,True,counterfactual
9209,gemini,True,counterfactual
9210,gemini,True,counterfactual
9211,gemini,True,counterfactual
9212,gemini,True,counterfactual
9213,gemini,True,counterfactual
9214,gemini,True,counterfactual
9215,gemini,True,counterfactual
9216,gemini,True,counterfactual
9217,gemini,True,counterfactual
9218,gemini,True,counterfactual
9219,gemini,True,counterfactual
9220,gemini,True,counterfactual
9221,gemini,True,counterfactual
9222,gemini,True,counterfactual
9223,gemini,True,counterfactual
9224,gemini,True,counterfactual
9225,gemini,True,counterfactual
9226,gemini,True,counterfactual
9227,gemini,True,counterfactual
9228,gemini,True,counterfactual
9229,gemini,True,counterfactual
9230,gemini,True,counterfactual
9231,gemini,True,counterfactual
9232,gemini,True,counterfactual
9233,gemini,True,counterfactual
9234,gemini,True,counterfactual
9235,gemini,True,counterfactual
9236,gemini,True,counterfactual
9237,gemini,True,counterfactual
9238,gemini,True,counterfactual
9239,gemini,True,counterfactual
9240,gemini,True,counterfactual
9241,gemini,True,counterfactual
9242,gemini,True,counterfactual
9243,gemini,True,counterfactual
9244,gemini,True,counterfactual
9245,gemini,True,counterfactual
9246,gemini,True,counterfactual
9247,gemini,True,counterfactual
9248,gemini,True,counterfactual
9249,gemini,True,counterfactual
9250,gemini,True,counterfactual
9251,gemini,True,counterfactual
9252,gemini,True,counterfactual
9253,gemini,True,counterfactual
9254,gemini,True,counterfactual
9255,gemini,True,counterfactual
9256,gemini,True,counterfactual
9257,gemini,True,counterfactual
9258,gemini,True,counterfactual
9259,gemini,True,counterfactual
9260,gemini,True,counterfactual
9261,gemini,True,counterfactual
9262,gemini,True,counterfactual
9263,gemini,True,counterfactual
9264,gemini,True,counterfactual
9265,gemini,True,counterfactual
9266,gemini,True,counterfactual
9267,gemini,True,counterfactual
9268,gemini,True,counterfactual
9269,gemini,True,counterfactual
9270,gemini,True,counterfactual
9271,gemini,True,counterfactual
9272,gemini,True,counterfactual
9273,gemini,True,counterfactual
9274,gemini,True,counterfactual
9275,gemini,True,counterfactual
9276,gemini,True,counterfactual
9277,gemini,True,counterfactual
9278,gemini,True,counterfactual
9279,gemini,True,counterfactual
9280,gemini,True,counterfactual
9281,gemini,True,counterfactual
9282,gemini,True,counterfactual
9283,gemini,True,counterfactual
9284,gemini,True,counterfactual
9285,gemini,True,counterfactual
9286,gemini,True,counterfactual
9287,gemini,True,counterfactual
9288,gemini,True,counterfactual
9289,gemini,True,counterfactual
9290,gemini,True,counterfactual
9291,gemini,True,counterfactual
9292,gemini,False,counterfactual
9293,gemini,True,counterfactual
9294,gemini,True,counterfactual
9295,gemini,True,counterfactual
9296,gemini,True,counterfactual
9297,gemini,True,counterfactual
9298,gemini,True,counterfactual
9299,gemini,False,counterfactual
9300,gemini,True,counterfactual
9301,gemini,True,counterfactual
9302,gemini,True,counterfactual
9303,gemini,True,counterfactual
9304,gemini,True,counterfactual
9305,gemini,True,counterfactual
9306,gemini,True,counterfactual
9307,gemini,True,counterfactual
9308,gemini,True,counterfactual
9309,gemini,True,counterfactual
9310,gemini,True,counterfactual
9311,gemini,True,counterfactual
9312,gemini,True,counterfactual
9313,gemini,True,counterfactual
9314,gemini,True,counterfactual
9315,gemini,True,counterfactual
9316,gemini,True,counterfactual
9317,gemini,True,counterfactual
9318,gemini,True,counterfactual
9319,gemini,True,counterfactual
9320,gemini,True,counterfactual
9321,gemini,True,counterfactual
9322,gemini,True,counterfactual
9323,gemini,True,counterfactual
9324,gemini,True,counterfactual
9325,gemini,True,counterfactual
9326,gemini,True,counterfactual
9327,gemini,True,counterfactual
9328,gemini,True,counterfactual
9329,gemini,False,counterfactual
9330,gemini,True,counterfactual
9331,gemini,True,counterfactual
9332,gemini,True,counterfactual
9333,gemini,True,counterfactual
9334,gemini,True,counterfactual
9335,gemini,True,counterfactual
9336,gemini,True,counterfactual
9337,gemini,True,counterfactual
9338,gemini,True,counterfactual
9339,gemini,True,counterfactual
9340,gemini,True,counterfactual
9341,gemini,True,counterfactual
9342,gemini,True,counterfactual
9343,gemini,True,counterfactual
9344,gemini,True,counterfactual
9345,gemini,True,counterfactual
9346,gemini,True,counterfactual
9347,gemini,True,counterfactual
9348,gemini,True,counterfactual
9349,gemini,True,counterfactual
9350,gemini,True,counterfactual
9351,gemini,True,counterfactual
9352,gemini,True,counterfactual
9353,gemini,True,counterfactual
9354,gemini,True,counterfactual
9355,gemini,True,counterfactual
9356,gemini,True,counterfactual
9357,gemini,True,counterfactual
9358,gemini,True,counterfactual
9359,gemini,True,counterfactual
9360,gemini,True,counterfactual
9361,gemini,True,counterfactual
9362,gemini,True,counterfactual
9363,gemini,True,counterfactual
9364,gemini,True,counterfactual
9365,gemini,True,counterfactual
9366,gemini,True,counterfactual
9367,gemini,True,counterfactual
9368,gemini,True,counterfactual
9369,gemini,True,counterfactual
9370,gemini,True,counterfactual
9371,gemini,True,counterfactual
9372,gemini,True,counterfactual
9373,gemini,True,counterfactual
9374,gemini,True,counterfactual
9375,gemini,True,counterfactual
9376,gemini,True,counterfactual
9377,gemini,True,counterfactual
9378,gemini,True,counterfactual
9379,gemini,True,counterfactual
9380,gemini,True,counterfactual
9381,gemini,True,counterfactual
9382,gemini,True,counterfactual
9383,gemini,True,counterfactual
9384,gemini,True,counterfactual
9385,gemini,True,counterfactual
9386,gemini,True,counterfactual
9387,gemini,True,counterfactual
9388,gemini,True,counterfactual
9389,gemini,True,counterfactual
9390,gemini,True,counterfactual
9391,gemini,True,counterfactual
9392,gemini,True,counterfactual
9393,gemini,True,counterfactual
9394,gemini,True,counterfactual
9395,gemini,True,counterfactual
9396,gemini,True,counterfactual
9397,gemini,True,counterfactual
9398,gemini,True,counterfactual
9399,gemini,True,counterfactual
9400,gemini,True,counterfactual
9401,gemini,True,counterfactual
9402,gemini,True,counterfactual
9403,gemini,True,counterfactual
9404,gemini,True,counterfactual
9405,gemini,True,counterfactual
9406,gemini,True,counterfactual
9407,gemini,True,counterfactual
9408,gemini,True,counterfactual
9409,gemini,True,counterfactual
9410,gemini,True,counterfactual
9411,gemini,True,counterfactual
9412,gemini,False,counterfactual
9413,gemini,True,counterfactual
9414,gemini,True,counterfactual
9415,gemini,True,counterfactual
9416,gemini,True,counterfactual
9417,gemini,True,counterfactual
9418,gemini,True,counterfactual
9419,gemini,True,counterfactual
9420,gemini,True,counterfactual
9421,gemini,True,counterfactual
9422,gemini,True,counterfactual
9423,gemini,True,counterfactual
9424,gemini,True,counterfactual
9425,gemini,True,counterfactual
9426,gemini,True,counterfactual
9427,gemini,True,counterfactual
9428,gemini,True,counterfactual
9429,gemini,True,counterfactual
9430,gemini,True,counterfactual
9431,gemini,True,counterfactual
9432,gemini,True,counterfactual
9433,gemini,True,counterfactual
9434,gemini,True,counterfactual
9435,gemini,True,counterfactual
9436,gemini,True,counterfactual
9437,gemini,True,counterfactual
9438,gemini,True,counterfactual
9439,gemini,True,counterfactual
9440,gemini,True,counterfactual
9441,gemini,True,counterfactual
9442,gemini,True,counterfactual
9443,gemini,True,counterfactual
9444,gemini,True,counterfactual
9445,gemini,True,counterfactual
9446,gemini,True,counterfactual
9447,gemini,True,counterfactual
9448,gemini,True,counterfactual
9449,gemini,True,counterfactual
9450,gemini,True,counterfactual
9451,gemini,True,counterfactual
9452,gemini,True,counterfactual
9453,gemini,True,counterfactual
9454,gemini,True,counterfactual
9455,gemini,True,counterfactual
9456,gemini,True,counterfactual
9457,gemini,True,counterfactual
9458,gemini,True,counterfactual
9459,gemini,True,counterfactual
9460,gemini,True,counterfactual
9461,gemini,True,counterfactual
9462,gemini,True,counterfactual
9463,gemini,True,counterfactual
9464,gemini,True,counterfactual
9465,gemini,True,counterfactual
9466,gemini,True,counterfactual
9467,gemini,True,counterfactual
9468,gemini,True,counterfactual
9469,gemini,True,counterfactual
9470,gemini,True,counterfactual
9471,gemini,True,counterfactual
9472,gemini,True,counterfactual
9473,gemini,True,counterfactual
9474,gemini,True,counterfactual
9475,gemini,True,counterfactual
9476,gemini,True,counterfactual
9477,gemini,True,counterfactual
9478,gemini,True,counterfactual
9479,gemini,True,counterfactual
9480,gemini,True,counterfactual
9481,gemini,True,counterfactual
9482,gemini,True,counterfactual
9483,gemini,True,counterfactual
9484,gemini,True,counterfactual
9485,gemini,True,counterfactual
9486,gemini,True,counterfactual
9487,gemini,True,counterfactual
9488,gemini,True,counterfactual
9489,gemini,True,counterfactual
9490,gemini,True,counterfactual
9491,gemini,True,counterfactual
9492,gemini,True,counterfactual
9493,gemini,True,counterfactual
9494,gemini,True,counterfactual
9495,gemini,True,counterfactual
9496,gemini,True,counterfactual
9497,gemini,True,counterfactual
9498,gemini,True,counterfactual
9499,gemini,True,counterfactual
9500,gemini,True,counterfactual
9501,gemini,True,counterfactual
9502,gemini,True,counterfactual
9503,gemini,True,counterfactual
9504,gemini,True,counterfactual
9505,gemini,True,counterfactual
9506,gemini,True,counterfactual
9507,gemini,True,counterfactual
9508,gemini,True,counterfactual
9509,gemini,True,counterfactual
9510,gemini,True,counterfactual
9511,gemini,False,counterfactual
9512,gemini,True,counterfactual
9513,gemini,True,counterfactual
9514,gemini,True,counterfactual
9515,gemini,True,counterfactual
9516,gemini,True,counterfactual
9517,gemini,True,counterfactual
9518,gemini,True,counterfactual
9519,gemini,True,counterfactual
9520,gemini,True,counterfactual
9521,gemini,True,counterfactual
9522,gemini,True,counterfactual
9523,gemini,True,counterfactual
9524,gemini,True,counterfactual
9525,gemini,True,counterfactual
9526,gemini,True,counterfactual
9527,gemini,True,counterfactual
9528,gemini,True,counterfactual
9529,gemini,True,counterfactual
9530,gemini,False,counterfactual
9531,gemini,True,counterfactual
9532,gemini,True,counterfactual
9533,gemini,True,counterfactual
9534,gemini,True,counterfactual
9535,gemini,True,counterfactual
9536,gemini,True,counterfactual
9537,gemini,True,counterfactual
9538,gemini,True,counterfactual
9539,gemini,False,counterfactual
9540,gemini,True,counterfactual
9541,gemini,True,counterfactual
9542,gemini,False,counterfactual
9543,gemini,True,counterfactual
9544,gemini,True,counterfactual
9545,gemini,True,counterfactual
9546,gemini,False,counterfactual
9547,gemini,False,counterfactual
9548,gemini,True,counterfactual
9549,gemini,True,counterfactual
9550,gemini,True,counterfactual
9551,gemini,True,counterfactual
9552,gemini,False,counterfactual
9553,gemini,False,counterfactual
9554,gemini,True,counterfactual
9555,gemini,True,counterfactual
9556,gemini,False,counterfactual
9557,gemini,False,counterfactual
9558,gemini,True,counterfactual
9559,gemini,True,counterfactual
9560,gemini,True,counterfactual
9561,gemini,True,counterfactual
9562,gemini,True,counterfactual
9563,gemini,True,counterfactual
9564,gemini,True,counterfactual
9565,gemini,True,counterfactual
9566,gemini,True,counterfactual
9567,gemini,True,counterfactual
9568,gemini,True,counterfactual
9569,gemini,True,counterfactual
9570,gemini,True,counterfactual
9571,gemini,True,counterfactual
9572,gemini,True,counterfactual
9573,gemini,True,counterfactual
9574,gemini,False,counterfactual
9575,gemini,True,counterfactual
9576,gemini,True,counterfactual
9577,gemini,True,counterfactual
9578,gemini,True,counterfactual
9579,gemini,True,counterfactual
9580,gemini,True,counterfactual
9581,gemini,True,counterfactual
9582,gemini,True,counterfactual
9583,gemini,True,counterfactual
9584,gemini,True,counterfactual
9585,gemini,True,counterfactual
9586,gemini,True,counterfactual
9587,gemini,True,counterfactual
9588,gemini,True,counterfactual
9589,gemini,True,counterfactual
9590,gemini,True,counterfactual
9591,gemini,True,counterfactual
9592,gemini,True,counterfactual
9593,gemini,True,counterfactual
9594,gemini,True,counterfactual
9595,gemini,True,counterfactual
9596,gemini,True,counterfactual
9597,gemini,True,counterfactual
9598,gemini,True,counterfactual
9599,gemini,True,counterfactual
9600,gemini,True,counterfactual
9601,gemini,True,counterfactual
9602,gemini,True,counterfactual
9603,gemini,True,counterfactual
9604,gemini,True,counterfactual
9605,gemini,True,counterfactual
9606,gemini,True,counterfactual
9607,gemini,True,counterfactual
9608,gemini,True,counterfactual
9609,gemini,True,counterfactual
9610,gemini,True,counterfactual
9611,gemini,True,counterfactual
9612,gemini,True,counterfactual
9613,gemini,True,counterfactual
9614,gemini,True,counterfactual
9615,gemini,True,counterfactual
9616,gemini,True,counterfactual
9617,gemini,True,counterfactual
9618,gemini,True,counterfactual
9619,gemini,True,counterfactual
9620,gemini,True,counterfactual
9621,gemini,True,counterfactual
9622,gemini,True,counterfactual
9623,gemini,True,counterfactual
9624,gemini,True,counterfactual
9625,gemini,True,counterfactual
9626,gemini,True,counterfactual
9627,gemini,True,counterfactual
9628,gemini,True,counterfactual
9629,gemini,True,counterfactual
9630,gemini,True,counterfactual
9631,gemini,True,counterfactual
9632,gemini,True,counterfactual
9633,gemini,True,counterfactual
9634,gemini,True,counterfactual
9635,gemini,True,counterfactual
9636,gemini,True,counterfactual
9637,gemini,True,counterfactual
9638,gemini,True,counterfactual
9639,gemini,True,counterfactual
9640,gemini,True,counterfactual
9641,gemini,True,counterfactual
9642,gemini,True,counterfactual
9643,gemini,True,counterfactual
9644,gemini,True,counterfactual
9645,gemini,True,counterfactual
9646,gemini,True,counterfactual
9647,gemini,True,counterfactual
9648,gemini,True,counterfactual
9649,gemini,True,counterfactual
9650,gemini,True,counterfactual
9651,gemini,True,counterfactual
9652,gemini,True,counterfactual
9653,gemini,True,counterfactual
9654,gemini,True,counterfactual
9655,gemini,True,counterfactual
9656,gemini,True,counterfactual
9657,gemini,True,counterfactual
9658,gemini,True,counterfactual
9659,gemini,True,counterfactual
9660,gemini,True,counterfactual
9661,gemini,True,counterfactual
9662,gemini,True,counterfactual
9663,gemini,True,counterfactual
9664,gemini,True,counterfactual
9665,gemini,True,counterfactual
9666,gemini,True,counterfactual
9667,gemini,True,counterfactual
9668,gemini,True,counterfactual
9669,gemini,True,counterfactual
9670,gemini,True,counterfactual
9671,gemini,True,counterfactual
9672,gemini,True,counterfactual
9673,gemini,True,counterfactual
9674,gemini,True,counterfactual
9675,gemini,True,counterfactual
9676,gemini,True,counterfactual
9677,gemini,True,counterfactual
9678,gemini,True,counterfactual
9679,gemini,True,counterfactual
9680,gemini,True,counterfactual
9681,gemini,True,counterfactual
9682,gemini,True,counterfactual
9683,gemini,True,counterfactual
9684,gemini,True,counterfactual
9685,gemini,True,counterfactual
9686,gemini,True,counterfactual
9687,gemini,True,counterfactual
9688,gemini,True,counterfactual
9689,gemini,True,counterfactual
9690,gemini,True,counterfactual
9691,gemini,True,counterfactual
9692,gemini,True,counterfactual
9693,gemini,False,counterfactual
9694,gemini,True,counterfactual
9695,gemini,True,counterfactual
9696,gemini,True,counterfactual
9697,gemini,True,counterfactual
9698,gemini,True,counterfactual
9699,gemini,True,counterfactual
9700,gemini,True,counterfactual
9701,gemini,True,counterfactual
9702,gemini,True,counterfactual
9703,gemini,True,counterfactual
9704,gemini,True,counterfactual
9705,gemini,True,counterfactual
9706,gemini,True,counterfactual
9707,gemini,True,counterfactual
9708,gemini,True,counterfactual
9709,gemini,True,counterfactual
9710,gemini,True,counterfactual
9711,gemini,True,counterfactual
9712,gemini,True,counterfactual
9713,gemini,True,counterfactual
9714,gemini,True,counterfactual
9715,gemini,True,counterfactual
9716,gemini,True,counterfactual
9717,gemini,True,counterfactual
9718,gemini,True,counterfactual
9719,gemini,True,counterfactual
9720,gemini,True,counterfactual
9721,gemini,True,counterfactual
9722,gemini,True,counterfactual
9723,gemini,True,counterfactual
9724,gemini,True,counterfactual
9725,gemini,True,counterfactual
9726,gemini,True,counterfactual
9727,gemini,True,counterfactual
9728,gemini,True,counterfactual
9729,gemini,True,counterfactual
9730,gemini,True,counterfactual
9731,gemini,True,counterfactual
9732,gemini,True,counterfactual
9733,gemini,True,counterfactual
9734,gemini,True,counterfactual
9735,gemini,True,counterfactual
9736,gemini,True,counterfactual
9737,gemini,True,counterfactual
9738,gemini,True,counterfactual
9739,gemini,True,counterfactual
9740,gemini,True,counterfactual
9741,gemini,True,counterfactual
9742,gemini,True,counterfactual
9743,gemini,True,counterfactual
9744,gemini,True,counterfactual
9745,gemini,True,counterfactual
9746,gemini,True,counterfactual
9747,gemini,True,counterfactual
9748,gemini,True,counterfactual
9749,gemini,True,counterfactual
9750,gemini,True,counterfactual
9751,gemini,True,counterfactual
9752,gemini,True,counterfactual
9753,gemini,True,counterfactual
9754,gemini,True,counterfactual
9755,gemini,False,counterfactual
9756,gemini,True,counterfactual
9757,gemini,True,counterfactual
9758,gemini,True,counterfactual
9759,gemini,True,counterfactual
9760,gemini,True,counterfactual
9761,gemini,True,counterfactual
9762,gemini,True,counterfactual
9763,gemini,True,counterfactual
9764,gemini,True,counterfactual
9765,gemini,True,counterfactual
9766,gemini,True,counterfactual
9767,gemini,True,counterfactual
9768,gemini,True,counterfactual
9769,gemini,True,counterfactual
9770,gemini,True,counterfactual
9771,gemini,True,counterfactual
9772,gemini,True,counterfactual
9773,gemini,True,counterfactual
9774,gemini,True,counterfactual
9775,gemini,True,counterfactual
9776,gemini,True,counterfactual
9777,gemini,True,counterfactual
9778,gemini,True,counterfactual
9779,gemini,True,counterfactual
9780,gemini,True,counterfactual
9781,gemini,True,counterfactual
9782,gemini,True,counterfactual
9783,gemini,True,counterfactual
9784,gemini,True,counterfactual
9785,gemini,True,counterfactual
9786,gemini,True,counterfactual
9787,gemini,True,counterfactual
9788,gemini,True,counterfactual
9789,gemini,True,counterfactual
9790,gemini,True,counterfactual
9791,gemini,True,counterfactual
9792,gemini,True,counterfactual
9793,gemini,True,counterfactual
9794,gemini,True,counterfactual
9795,gemini,True,counterfactual
9796,gemini,False,counterfactual
9797,gemini,True,counterfactual
9798,gemini,True,counterfactual
9799,gemini,True,counterfactual
9800,gemini,True,counterfactual
9801,gemini,True,counterfactual
9802,gemini,True,counterfactual
9803,gemini,True,counterfactual
9804,gemini,True,counterfactual
9805,gemini,True,counterfactual
9806,gemini,True,counterfactual
9807,gemini,True,counterfactual
9808,gemini,True,counterfactual
9809,gemini,True,counterfactual
9810,gemini,True,counterfactual
9811,gemini,True,counterfactual
9812,gemini,True,counterfactual
9813,gemini,True,counterfactual
9814,gemini,True,counterfactual
9815,gemini,True,counterfactual
9816,gemini,True,counterfactual
9817,gemini,True,counterfactual
9818,gemini,True,counterfactual
9819,gemini,True,counterfactual
9820,gemini,True,counterfactual
9821,gemini,True,counterfactual
9822,gemini,True,counterfactual
9823,gemini,True,counterfactual
9824,gemini,True,counterfactual
9825,gemini,True,counterfactual
9826,gemini,True,counterfactual
9827,gemini,False,counterfactual
9828,gemini,True,counterfactual
9829,gemini,True,counterfactual
9830,gemini,True,counterfactual
9831,gemini,True,counterfactual
9832,gemini,True,counterfactual
9833,gemini,True,counterfactual
9834,gemini,True,counterfactual
9835,gemini,True,counterfactual
9836,gemini,True,counterfactual
9837,gemini,True,counterfactual
9838,gemini,True,counterfactual
9839,gemini,True,counterfactual
9840,gemini,True,counterfactual
9841,gemini,True,counterfactual
9842,gemini,True,counterfactual
9843,gemini,True,counterfactual
9844,gemini,True,counterfactual
9845,gemini,True,counterfactual
9846,gemini,True,counterfactual
9847,gemini,True,counterfactual
9848,gemini,True,counterfactual
9849,gemini,True,counterfactual
9850,gemini,True,counterfactual
9851,gemini,True,counterfactual
9852,gemini,True,counterfactual
9853,gemini,True,counterfactual
9854,gemini,True,counterfactual
9855,gemini,True,counterfactual
9856,gemini,True,counterfactual
9857,gemini,True,counterfactual
9858,gemini,True,counterfactual
9859,gemini,True,counterfactual
9860,gemini,True,counterfactual
9861,gemini,True,counterfactual
9862,gemini,True,counterfactual
9863,gemini,True,counterfactual
9864,gemini,True,counterfactual
9865,gemini,True,counterfactual
9866,gemini,False,counterfactual
9867,gemini,False,counterfactual
9868,gemini,True,counterfactual
9869,gemini,True,counterfactual
9870,gemini,True,counterfactual
9871,gemini,True,counterfactual
9872,gemini,True,counterfactual
9873,gemini,True,counterfactual
9874,gemini,True,counterfactual
9875,gemini,False,counterfactual
9876,gemini,True,counterfactual
9877,gemini,True,counterfactual
9878,gemini,True,counterfactual
9879,gemini,True,counterfactual
9880,gemini,True,counterfactual
9881,gemini,False,counterfactual
9882,gemini,True,counterfactual
9883,gemini,True,counterfactual
9884,gemini,True,counterfactual
9885,gemini,True,counterfactual
9886,gemini,True,counterfactual
9887,gemini,True,counterfactual
9888,gemini,True,counterfactual
9889,gemini,True,counterfactual
9890,gemini,True,counterfactual
9891,gemini,True,counterfactual
9892,gemini,True,counterfactual
9893,gemini,True,counterfactual
9894,gemini,True,counterfactual
9895,gemini,True,counterfactual
9896,gemini,True,counterfactual
9897,gemini,True,counterfactual
9898,gemini,True,counterfactual
9899,gemini,True,counterfactual
9900,gemini,True,counterfactual
9901,gemini,True,counterfactual
9902,gemini,True,counterfactual
9903,gemini,True,counterfactual
9904,gemini,True,counterfactual
9905,gemini,True,counterfactual
9906,gemini,True,counterfactual
9907,gemini,True,counterfactual
9908,gemini,True,counterfactual
9909,gemini,True,counterfactual
9910,gemini,False,counterfactual
9911,gemini,True,counterfactual
9912,gemini,True,counterfactual
9913,gemini,True,counterfactual
9914,gemini,True,counterfactual
9915,gemini,True,counterfactual
9916,gemini,True,counterfactual
9917,gemini,True,counterfactual
9918,gemini,True,counterfactual
9919,gemini,True,counterfactual
9920,gemini,True,counterfactual
9921,gemini,True,counterfactual
9922,gemini,True,counterfactual
9923,gemini,True,counterfactual
9924,gemini,True,counterfactual
9925,gemini,True,counterfactual
9926,gemini,True,counterfactual
9927,gemini,True,counterfactual
9928,gemini,True,counterfactual
9929,gemini,True,counterfactual
9930,gemini,True,counterfactual
9931,gemini,True,counterfactual
9932,gemini,True,counterfactual
9933,gemini,True,counterfactual
9934,gemini,True,counterfactual
9935,gemini,True,counterfactual
9936,gemini,True,counterfactual
9937,gemini,True,counterfactual
9938,gemini,True,counterfactual
9939,gemini,True,counterfactual
9940,gemini,True,counterfactual
9941,gemini,True,counterfactual
9942,gemini,True,counterfactual
9943,gemini,True,counterfactual
9944,gemini,True,counterfactual
9945,gemini,True,counterfactual
9946,gemini,True,counterfactual
9947,gemini,True,counterfactual
9948,gemini,True,counterfactual
9949,gemini,True,counterfactual
9950,gemini,True,counterfactual
9951,gemini,True,counterfactual
9952,gemini,True,counterfactual
9953,gemini,True,counterfactual
9954,gemini,True,counterfactual
9955,gemini,True,counterfactual
9956,gemini,True,counterfactual
9957,gemini,True,counterfactual
9958,gemini,True,counterfactual
9959,gemini,True,counterfactual
9960,gemini,True,counterfactual
9961,gemini,True,counterfactual
9962,gemini,True,counterfactual
9963,gemini,True,counterfactual
9964,gemini,True,counterfactual
9965,gemini,True,counterfactual
9966,gemini,True,counterfactual
9967,gemini,True,counterfactual
9968,gemini,True,counterfactual
9969,gemini,True,counterfactual
9970,gemini,True,counterfactual
9971,gemini,True,counterfactual
9972,gemini,True,counterfactual
9973,gemini,True,counterfactual
9974,gemini,True,counterfactual
9975,gemini,True,counterfactual
9976,gemini,True,counterfactual
9977,gemini,True,counterfactual
9978,gemini,True,counterfactual
9979,gemini,True,counterfactual
9980,gemini,True,counterfactual
9981,gemini,True,counterfactual
9982,gemini,True,counterfactual
9983,gemini,True,counterfactual
9984,gemini,True,counterfactual
9985,gemini,True,counterfactual
9986,gemini,True,counterfactual
9987,gemini,True,counterfactual
9988,gemini,True,counterfactual
9989,gemini,True,counterfactual
9990,gemini,True,counterfactual
9991,gemini,True,counterfactual
9992,gemini,True,counterfactual
9993,gemini,True,counterfactual
9994,gemini,True,counterfactual
9995,gemini,True,counterfactual
9996,gemini,True,counterfactual
9997,gemini,True,counterfactual
9998,gemini,True,counterfactual
9999,gemini,True,counterfactual
10000,gemini,True,counterfactual
10001,gemini,True,counterfactual
10002,gemini,True,counterfactual
10003,gemini,True,counterfactual
10004,gemini,True,counterfactual
10005,gemini,True,counterfactual
10006,gemini,True,counterfactual
10007,gemini,True,counterfactual
10008,gemini,True,counterfactual
10009,gemini,True,counterfactual
10010,gemini,True,counterfactual
10011,gemini,True,counterfactual
10012,gemini,True,counterfactual
10013,gemini,True,counterfactual
10014,gemini,True,counterfactual
10015,gemini,True,counterfactual
10016,gemini,True,counterfactual
10017,gemini,True,counterfactual
10018,gemini,True,counterfactual
10019,gemini,True,counterfactual
10020,gemini,True,counterfactual
10021,gemini,True,counterfactual
10022,gemini,True,counterfactual
10023,gemini,True,counterfactual
10024,gemini,True,counterfactual
10025,gemini,True,counterfactual
10026,gemini,True,counterfactual
10027,gemini,True,counterfactual
10028,gemini,True,counterfactual
10029,gemini,True,counterfactual
10030,gemini,True,counterfactual
10031,gemini,True,counterfactual
10032,gemini,True,counterfactual
10033,gemini,True,counterfactual
10034,gemini,True,counterfactual
10035,gemini,True,counterfactual
10036,gemini,True,counterfactual
10037,gemini,True,counterfactual
10038,gemini,True,counterfactual
10039,gemini,True,counterfactual
10040,gemini,True,counterfactual
10041,gemini,False,counterfactual
10042,gemini,True,counterfactual
10043,gemini,True,counterfactual
10044,gemini,True,counterfactual
10045,gemini,True,counterfactual
10046,gemini,True,counterfactual
10047,gemini,True,counterfactual
10048,gemini,True,counterfactual
10049,gemini,True,counterfactual
10050,gemini,True,counterfactual
10051,gemini,True,counterfactual
10052,gemini,True,counterfactual
10053,gemini,True,counterfactual
10054,gemini,True,counterfactual
10055,gemini,True,counterfactual
10056,gemini,True,counterfactual
10057,gemini,True,counterfactual
10058,gemini,True,counterfactual
10059,gemini,True,counterfactual
10060,gemini,True,counterfactual
10061,gemini,True,counterfactual
10062,gemini,True,counterfactual
10063,gemini,True,counterfactual
10064,gemini,True,counterfactual
10065,gemini,True,counterfactual
10066,gemini,True,counterfactual
10067,gemini,True,counterfactual
10068,gemini,True,counterfactual
10069,gemini,True,counterfactual
10070,gemini,True,counterfactual
10071,gemini,True,counterfactual
10072,gemini,True,counterfactual
10073,gemini,True,counterfactual
10074,gemini,True,counterfactual
10075,gemini,True,counterfactual
10076,gemini,True,counterfactual
10077,gemini,True,counterfactual
10078,gemini,True,counterfactual
10079,gemini,True,counterfactual
10080,gemini,True,counterfactual
10081,gemini,True,counterfactual
10082,gemini,True,counterfactual
10083,gemini,True,counterfactual
10084,gemini,True,counterfactual
10085,gemini,True,counterfactual
10086,gemini,True,counterfactual
10087,gemini,True,counterfactual
10088,gemini,True,counterfactual
10089,gemini,True,counterfactual
10090,gemini,True,counterfactual
10091,gemini,True,counterfactual
10092,gemini,True,counterfactual
10093,gemini,True,counterfactual
10094,gemini,True,counterfactual
10095,gemini,True,counterfactual
10096,gemini,True,counterfactual
10097,gemini,True,counterfactual
10098,gemini,True,counterfactual
10099,gemini,True,counterfactual
10100,gemini,True,counterfactual
10101,gemini,True,counterfactual
10102,gemini,True,counterfactual
10103,gemini,True,counterfactual
10104,gemini,True,counterfactual
10105,gemini,True,counterfactual
10106,gemini,True,counterfactual
10107,gemini,True,counterfactual
10108,gemini,True,counterfactual
10109,gemini,True,counterfactual
10110,gemini,True,counterfactual
10111,gemini,True,counterfactual
10112,gemini,True,counterfactual
10113,gemini,True,counterfactual
10114,gemini,True,counterfactual
10115,gemini,False,counterfactual
10116,gemini,True,counterfactual
10117,gemini,True,counterfactual
10118,gemini,True,counterfactual
10119,gemini,True,counterfactual
10120,gemini,True,counterfactual
10121,gemini,True,counterfactual
10122,gemini,True,counterfactual
10123,gemini,True,counterfactual
10124,gemini,True,counterfactual
10125,gemini,True,counterfactual
10126,gemini,True,counterfactual
10127,gemini,True,counterfactual
10128,gemini,True,counterfactual
10129,gemini,True,counterfactual
10130,gemini,True,counterfactual
10131,gemini,True,counterfactual
10132,gemini,True,counterfactual
10133,gemini,True,counterfactual
10134,gemini,True,counterfactual
10135,gemini,True,counterfactual
10136,gemini,True,counterfactual
10137,gemini,True,counterfactual
10138,gemini,True,counterfactual
10139,gemini,True,counterfactual
10140,gemini,True,counterfactual
10141,gemini,False,counterfactual
10142,gemini,True,counterfactual
10143,gemini,True,counterfactual
10144,gemini,True,counterfactual
10145,gemini,True,counterfactual
10146,gemini,True,counterfactual
10147,gemini,True,counterfactual
10148,gemini,True,counterfactual
10149,gemini,True,counterfactual
10150,gemini,True,counterfactual
10151,gemini,True,counterfactual
10152,gemini,True,counterfactual
10153,gemini,True,counterfactual
10154,gemini,True,counterfactual
10155,gemini,True,counterfactual
10156,gemini,True,counterfactual
10157,gemini,True,counterfactual
10158,gemini,True,counterfactual
10159,gemini,True,counterfactual
10160,gemini,True,counterfactual
10161,gemini,True,counterfactual
10162,gemini,True,counterfactual
10163,gemini,True,counterfactual
10164,gemini,True,counterfactual
10165,gemini,True,counterfactual
10166,gemini,True,counterfactual
10167,gemini,True,counterfactual
10168,gemini,True,counterfactual
10169,gemini,True,counterfactual
10170,gemini,True,counterfactual
10171,gemini,True,counterfactual
10172,gemini,True,counterfactual
10173,gemini,True,counterfactual
10174,gemini,True,counterfactual
10175,gemini,True,counterfactual
10176,gemini,True,counterfactual
10177,gemini,True,counterfactual
10178,gemini,True,counterfactual
10179,gemini,True,counterfactual
10180,gemini,True,counterfactual
10181,gemini,False,counterfactual
10182,gemini,True,counterfactual
10183,gemini,True,counterfactual
10184,gemini,False,counterfactual
10185,gemini,True,counterfactual
10186,gemini,True,counterfactual
10187,gemini,True,counterfactual
10188,gemini,False,counterfactual
10189,gemini,True,counterfactual
10190,gemini,True,counterfactual
10191,gemini,True,counterfactual
10192,gemini,True,counterfactual
10193,gemini,True,counterfactual
10194,gemini,True,counterfactual
10195,gemini,True,counterfactual
10196,gemini,True,counterfactual
10197,gemini,True,counterfactual
10198,gemini,True,counterfactual
10199,gemini,True,counterfactual
10200,gemini,True,counterfactual
10201,gemini,True,counterfactual
10202,gemini,True,counterfactual
10203,gemini,True,counterfactual
10204,gemini,True,counterfactual
10205,gemini,True,counterfactual
10206,gemini,True,counterfactual
10207,gemini,True,counterfactual
10208,gemini,True,counterfactual
10209,gemini,True,counterfactual
10210,gemini,True,counterfactual
10211,gemini,True,counterfactual
10212,gemini,True,counterfactual
10213,gemini,True,counterfactual
10214,gemini,True,counterfactual
10215,gemini,True,counterfactual
10216,gemini,True,counterfactual
10217,gemini,True,counterfactual
10218,gemini,True,counterfactual
10219,gemini,True,counterfactual
10220,gemini,True,counterfactual
10221,gemini,True,counterfactual
10222,gemini,True,counterfactual
10223,gemini,True,counterfactual
10224,gemini,True,counterfactual
10225,gemini,True,counterfactual
10226,gemini,True,counterfactual
10227,gemini,True,counterfactual
10228,gemini,True,counterfactual
10229,gemini,True,counterfactual
10230,gemini,True,counterfactual
10231,gemini,True,counterfactual
10232,gemini,True,counterfactual
10233,gemini,True,counterfactual
10234,gemini,True,counterfactual
10235,gemini,True,counterfactual
10236,gemini,True,counterfactual
10237,gemini,True,counterfactual
10238,gemini,True,counterfactual
10239,gemini,True,counterfactual
10240,gemini,True,counterfactual
10241,gemini,True,counterfactual
10242,gemini,True,counterfactual
10243,gemini,True,counterfactual
10244,gemini,True,counterfactual
10245,gemini,True,counterfactual
10246,gemini,True,counterfactual
10247,gemini,True,counterfactual
10248,gemini,True,counterfactual
10249,gemini,True,counterfactual
10250,gemini,True,counterfactual
10251,gemini,True,counterfactual
10252,gemini,True,counterfactual
10253,gemini,True,counterfactual
10254,gemini,True,counterfactual
10255,gemini,True,counterfactual
10256,gemini,True,counterfactual
10257,gemini,True,counterfactual
10258,gemini,True,counterfactual
10259,gemini,True,counterfactual
10260,gemini,True,counterfactual
10261,gemini,True,counterfactual
10262,gemini,True,counterfactual
10263,gemini,True,counterfactual
10264,gemini,True,counterfactual
10265,gemini,True,counterfactual
10266,gemini,True,counterfactual
10267,gemini,True,counterfactual
10268,gemini,True,counterfactual
10269,gemini,True,counterfactual
10270,gemini,True,counterfactual
10271,gemini,True,counterfactual
10272,gemini,True,counterfactual
10273,gemini,True,counterfactual
10274,gemini,True,counterfactual
10275,gemini,True,counterfactual
10276,gemini,True,counterfactual
10277,gemini,True,counterfactual
10278,gemini,True,counterfactual
10279,gemini,True,counterfactual
10280,gemini,True,counterfactual
10281,gemini,True,counterfactual
10282,gemini,True,counterfactual
10283,gemini,True,counterfactual
10284,gemini,True,counterfactual
10285,gemini,True,counterfactual
10286,gemini,True,counterfactual
10287,gemini,True,counterfactual
10288,gemini,True,counterfactual
10289,gemini,True,counterfactual
10290,gemini,True,counterfactual
10291,gemini,True,counterfactual
10292,gemini,True,counterfactual
10293,gemini,True,counterfactual
10294,gemini,True,counterfactual
10295,gemini,True,counterfactual
10296,gemini,True,counterfactual
10297,gemini,True,counterfactual
10298,gemini,True,counterfactual
10299,gemini,True,counterfactual
10300,gemini,True,counterfactual
10301,gemini,True,counterfactual
10302,gemini,True,counterfactual
10303,gemini,True,counterfactual
10304,gemini,True,counterfactual
